"RegionName","City","State","Metro","CountyName","SizeRank","2011-01","2011-02","2011-03","2011-04","2011-05","2011-06","2011-07","2011-08","2011-09","2011-10","2011-11","2011-12","2012-01","2012-02","2012-03","2012-04","2012-05","2012-06","2012-07","2012-08","2012-09","2012-10","2012-11","2012-12","2013-01","2013-02","2013-03","2013-04","2013-05","2013-06","2013-07","2013-08","2013-09","2013-10","2013-11","2013-12","2014-01","2014-02","2014-03","2014-04","2014-05","2014-06","2014-07","2014-08","2014-09","2014-10","2014-11","2014-12","2015-01","2015-02","2015-03","2015-04","2015-05","2015-06","2015-07","2015-08","2015-09","2015-10","2015-11","2015-12","2016-01","2016-02","2016-03","2016-04","2016-05","2016-06","2016-07","2016-08","2016-09","2016-10","2016-11","2016-12","2017-01","2017-02","2017-03","2017-04","2017-05","2017-06","2017-07","2017-08","2017-09","2017-10"
"77494","Cinco Ranch","TX","Houston","Fort Bend",1,,,,,,,,,,,0.802277533665648,0.795190069821567,0.799835931091058,0.81453634085213,0.81453634085213,0.870891749023213,0.863060989643268,0.849248491393835,0.838014981273408,0.795640734151352,0.799824196236804,0.801068090787717,0.830234333133049,0.837983760324343,0.829056454796684,0.888236917050629,0.897097625329815,0.874906924795235,0.85808078375915,0.859306728808622,0.865998176845943,0.88200182490028,0.882240122746452,0.882809069416121,0.887311446317657,0.887796481614585,0.88137163370027,0.878243512974052,0.882240122746452,0.894854586129754,0.901399274730078,0.919842312746386,0.902602854743913,0.89748076036933,0.890150318517958,0.865185950413223,0.857441140424846,0.878647214854111,0.878284422475442,0.872405470524231,0.892857142857143,0.90123920390537,0.884608630168383,0.892040256175663,0.886889867697127,0.869630973986691,0.865261423717933,0.85508752053606,0.875711567428183,0.871785295117156,0.857142857142857,0.853617527826082,0.856036029159192,0.850906400295967,0.840657241115781,0.851098720892096,0.846598820832243,0.828281620588232,0.815128790348875,0.783156237701692,0.794701986754967,0.784873349982162,0.784933459715551,0.802103662506524,0.791033134223137,0.788804071246819,0.82089552238806,0.83990904013831,0.820419325432999,0.812411083421653,0.819760028697678,0.825423029302518
"75070","McKinney","TX","Dallas-Fort Worth","Collin",2,,,0.655703875258747,0.670967227025068,0.699499364272092,0.69537909376402,0.692455263964503,0.664043285784555,0.653357531760436,0.638051044083527,0.638109047352421,0.635871909143186,0.662713637949076,0.694383979103178,0.698893655820315,0.702711671806945,0.701674966047986,0.715380684721513,0.697410244055016,0.732217573221757,0.690427698574338,0.704361219195849,0.713231677324151,0.729857574659917,0.754861821903787,0.762919021595279,0.726211858631157,0.745315161839864,0.772522379997785,0.732118617032219,0.731922461573624,0.725094577553594,0.740929994890138,0.735603194619588,0.706749459118492,0.705996131528046,0.739131669012587,0.73536645351697,0.740917782026769,0.741911491260692,0.748312078019505,0.75331426323389,0.76844262295082,0.754716981132076,0.758483033932136,0.729708726686622,0.741553312856516,0.758292275126232,0.784563189143342,0.783410138248848,0.760103417396077,0.775043177892919,0.80625885040363,0.783410138248848,0.784554845056567,0.784554845056567,0.807181955164673,0.798431972447343,0.790578358208955,0.770756077066295,0.78587962962963,0.786114075080027,0.785245901639344,0.776374442793462,0.777470628887353,0.815093106827834,0.82221487678703,0.823572474377745,0.834919940681615,0.807291628296913,0.829268292682927,0.806374881065652,0.806572306516582,0.806134486826583,0.807491072052072,0.82135523613963,0.844736405725389,0.839160839160839,0.83102172463322,0.812541274540827,0.810229445506692,0.805305542396968
"77084","Houston","TX","Houston","Harris",3,,,,,,,,,,,,,,,,,,,,,,,,,,,,,,,0.645638722529467,0.644237652111668,0.676942388909028,0.680156073674212,0.635593220338983,0.667451904201021,0.668403371455349,0.667451904201021,0.665542410196832,0.666447766643539,0.662251655629139,0.668248130332502,0.677080792476353,0.681431005110733,0.673885052746601,0.678296184936574,0.696022727272727,0.683890577507599,0.678866587957497,0.650573420625452,0.675427512921288,0.696406633906634,0.726282342260554,0.718512256973795,0.717821865538691,0.699370880026368,0.696594427244582,0.686789450259278,0.690250215703192,0.689688967278764,0.667372881355932,0.673036852804118,0.672920065252855,0.690349293563579,0.674867342016401,0.691417957042957,0.679510971736356,0.688775510204082,0.691402447503824,0.690434917883414,0.696443419385493,0.691327784156704,0.653489404952043,0.682419906061019,0.695825049701789,0.671089005710142,0.695923888487258,0.695825049701789,0.69888855661882,0.696022727272727,0.705689850377706,0.695091804632689
"77449","Houston","TX","Houston","Harris",4,,,,,,,,,,,0.59756688277815,0.633971291866029,0.627853881278539,0.617550469954806,0.63190939677962,0.618792378288999,0.610032024505709,0.617750882501261,0.643004115226337,0.61152360578233,0.610902255639098,0.606729509040681,0.617283950617284,0.614764424288234,0.618752974773917,0.618772182751197,0.618791390728477,0.620675620675621,0.641319285387082,0.648500027921849,0.651302605210421,0.635941541803333,0.648252730806585,0.622675795380954,0.618791390728477,0.620664476086163,0.626849112426035,0.636023737237416,0.644850701318233,0.655178868820925,0.690184049079755,0.703828828828829,0.703720142932472,0.708888888888889,0.703957382039574,0.721276595744681,0.717781155015198,0.708366219415943,0.710659898477157,0.751133786848073,0.720260223048327,0.716180371352785,0.703957382039574,0.756654677405983,0.735294117647059,0.741391595539443,0.697159565580618,0.708745092207594,0.731215330307615,0.719581334496293,0.738760620475079,0.747915644923982,0.753539865263743,0.729977116704805,0.736719658782474,0.741308793456033,0.692964435084113,0.706521739130435,0.712083333333333,0.726981507760429,0.719949916527546,0.728298185384993,0.728298185384993,0.728298185384993,0.728298185384993,0.731827479320738,0.728298185384993,0.726600985221675,0.741961744534632,0.723366944322665,0.708221133987863,0.720887245841035
"30349","Riverdale","GA","Atlanta","Clayton",5,,,,,,,0.549948479578273,0.577777777777778,0.593891402714932,0.618294748729531,0.570962732919255,0.577509009834463,0.562836679725759,0.5546875,0.566413032155011,0.56941431670282,0.599582898852972,0.565610859728507,0.547178988326848,0.539645743295246,0.550982004565643,0.545862412761715,0.559933637494815,0.547178988326848,0.531226199543031,0.544554455445545,0.546647746590609,0.56547619047619,0.55366269165247,0.579268292682927,0.567109777015437,0.56564990595125,0.565262076053443,0.555529590855678,0.564543532388472,0.5638249887235,0.558659217877095,0.559006426837864,0.561797752808989,0.561647539506099,0.563486100676183,0.56941431670282,0.593434343434343,0.593434343434343,0.58349609375,0.587544065804935,0.570612072512621,0.579229765549551,0.578235947992934,0.581103725374019,0.573575949367089,0.575519371139809,0.584148139097158,0.583333333333333,0.588752658653608,0.588768115942029,0.587544065804935,0.589225589225589,0.579777365491651,0.598659003831418,0.609110169491525,0.582072176949942,0.593187906620742,0.598184818481848,0.605778191985089,0.588114754098361,0.620638085742772,0.610656331498116,0.604651162790698,0.615182778168657,0.616003763693486,0.594967658591349,0.608859397417504,0.632063882063882,0.609148550724638,0.61013986013986,0.617015822546659,0.622602053427971,0.623084291187739,0.644590495449949,0.644590495449949,0.636132315521629
"77429","Cypress","TX","Houston","Harris",6,,,,,,,,,,,,,,,,,,,,,,,,,,,,,,,,,,,,,,,0.682459827658623,0.726086956521739,0.71874431997551,0.702578330567957,0.744868395788455,0.713264211655345,0.720046608151323,0.730665640631012,0.723472668810289,0.714888232813159,0.729612587176455,0.733186603391861,0.725576220205306,0.734753550543024,0.746593703673289,0.752964791601754,0.751016260162602,0.718135738745702,0.71399724583565,0.711483594864479,0.731707317073171,0.725929054054054,0.728559533721898,0.746553008205098,0.738233823028959,0.738233823028959,0.709468533514167,0.724826125036869,0.758113590263692,0.729120636323464,0.711287380608677,0.750334071780895,0.749882318658657,0.697211155378486,0.715368421052632,0.704557101062963,0.721110995240431,0.718151540383014,0.721458554653429,0.723306582339029,0.725294650951949,0.71430375161673,0.714810498158247,0.733106308500114
"77479","Sugar Land","TX","Houston","Fort Bend",7,,,,,,,,,,,,,,,,,,,,,,0.775981524249423,0.77995353468304,0.775558166862515,0.768662923117456,0.774509918769862,0.77248541925962,0.810376129681316,0.836722387166783,0.8220020689848,0.839647522505769,0.852064411677158,0.820475029760218,0.814811256485056,0.826890034364261,0.859348602240479,0.849688846337961,0.850340136054422,0.856094578067672,0.902527075812274,0.91706042385508,0.892659060794065,0.866336633663366,0.873502210843691,0.868569515911129,0.846681922196796,0.832256163128218,0.852305746419171,0.870044052863436,0.872854233343032,0.872817955112219,0.885896527285613,0.892432466071897,0.881541058437992,0.861715223635618,0.887422531689871,0.889477668433005,0.877742946708464,0.878238784426288,0.882352941176471,0.877742946708464,0.859227872713691,0.866690751445087,0.867706548523697,0.878933861946032,0.864839055108042,0.874903982594085,0.83041958041958,0.828970331588133,0.847181582288964,0.827097282394644,0.819300762667069,0.818334070167811,0.806245797944595,0.82890365448505,0.820217287037474,0.835322195704057,0.849009993675942,0.836216839677047,0.821962869492781,0.816702683913408,0.804313044662309
"77433","Cypress","TX","Houston","Harris",8,,,,,,,,,,,,,,,,,,,,,,,,,,,,,,,,,,,,,,,,,,,,0.767010003788111,0.764428033679426,0.747460409930097,0.751466275659824,0.759318913943856,0.784848484848485,0.798296966471527,0.783210198464436,0.777284263959391,0.726697785521315,0.791150823937495,0.805504790845232,0.777767618350973,0.780672805302043,0.771054386051062,0.744109136006614,0.760593987685621,0.744047619047619,0.759734093067426,0.804319083296606,0.769794721407625,0.759734093067426,0.832500832500833,0.781433298898675,0.803212851405622,0.761974416336832,0.760745530620008,0.757062037769234,0.771971496437055,0.768508290314113,0.743037678446057,0.787204416650381,0.793216630196937,0.820419325432999,0.813314860478955,0.788091068301226,0.76320939334638,0.762910798122066,0.782106365487003
"77379","Tomball","TX","Houston","Harris",9,,,,,,,,,,,,,,,,,,,,,,,,,,,,,,0.697648056146992,0.706845238095238,0.703686703489987,0.681023440968204,0.672371638141809,0.671343976093111,0.665954415954416,0.669163027048113,0.672859793389727,0.675800945032803,0.703171753441053,0.728874879361056,0.727058823529412,0.74832406211388,0.714884263247451,0.755287009063444,0.741852487135506,0.730216083590452,0.725788160580631,0.703062687529432,0.727308294209703,0.737100737100737,0.753257328990228,0.746043117366647,0.739345176912891,0.735229759299781,0.749545046082429,0.723240115718419,0.716646028276983,0.708483047724341,0.729580177059486,0.699081803005008,0.714285714285714,0.728987993138937,0.713498127038025,0.69713400464756,0.697808535178777,0.729842446709917,0.727855909203059,0.712361312061402,0.721251523770825,0.72004299692731,0.716845878136201,0.726449798572233,0.727302849569251,0.713877784123358,0.727408038541239,0.718778077268643,0.723109370292257,0.718290119131044,0.714680615308188,0.761648745519713,0.708833151581243
"30024","Suwanee","GA","Atlanta","Gwinnett",10,,,,,,,,,,,,,,,,,0.601160862354892,0.625841184387618,0.610531524201174,0.591199125848184,0.583221175414984,0.615242399342646,0.609623856319892,0.603267207922684,0.603267207922684,0.609623856319892,0.628729752770673,0.643376841964295,0.606518128742551,0.641903022156763,0.610155439610327,0.58562197092084,0.601626016260163,0.621401151631478,0.615830115830116,0.628220187321155,0.621401151631478,0.620018882544555,0.61864406779661,0.635593220338983,0.666337611056269,0.666337611056269,0.677151594582787,0.665707353830287,0.680930649691747,0.667587476979742,0.655430711610487,0.663959984600419,0.673505435632642,0.679156908665105,0.663227505591042,0.66815158023057,0.697866649818886,0.695088641517213,0.690818169531509,0.678203928905519,0.675154320987654,0.685136897001304,0.674967423861744,0.706880301602262,0.701342281879195,0.703921568627451,0.703921568627451,0.679980105130991,0.698610166354694,0.701288855193328,0.703108113156334,0.722299513067674,0.731182795698925,0.727877606373962,0.674989007532893,0.724080312808648,0.726018992744345,0.717373404693289,0.696619379095833,0.694745983499783,0.723497955331865,0.735294117647059,0.780984719864177,0.76990761108667,0.73895510298542,0.711607073100862
"91709","Chino Hills","CA","Riverside","San Bernardino",11,,,,,,,,,,,,,,,,,,,,,,,,,,,,,,,,,,,,,,,,,,,,,,,,,,,,,,,,,,,,,,,,,,,,,,1.28062360801782,1.2911508125489,1.25,1.25097732603597,1.18760064412238,1.25062531265633,1.27118644067797,1.24596215966774,1.32111979182092,1.29449838187702,1.27369155674546,1.23829852020828,1.22484689413823
"33647","Tampa","FL","Tampa","Hillsborough",12,,0.718860842315507,0.719026548672566,0.75974899148364,0.772200772200772,0.743366117070841,0.762873490146217,0.75,0.723938223938224,0.717826132649142,0.71192963166575,0.730462122442492,0.742819412347309,0.742819412347309,0.749318801089918,0.801282051282051,0.795175080205303,0.779896013864818,0.774886959257578,0.779816513761468,0.779816513761468,0.752032520325203,0.752032520325203,0.779393297003353,0.761924164147077,0.782862819983485,0.786088613625536,0.794797687861272,0.790629575402635,0.790936297563061,0.777171795870666,0.809365781710914,0.788873158561698,0.784387997971455,0.769499825113676,0.77,0.76555023923445,0.755939524838013,0.754238539598411,0.752051048313582,0.758343895226025,0.771604938271605,0.776614310645724,0.789586000853607,0.790107788128121,0.78942033944909,0.790680731062848,0.769313198588809,0.790629575402635,0.779540481400438,0.771324863883848,0.758688203622124,0.79244463742944,0.795755968169761,0.791242389511272,0.7950694878907,0.794520547945205,0.79402165850764,0.797901299613628,0.790936297563061,0.827706769524207,0.812855096070463,0.820610687022901,0.79614842649131,0.794520547945205,0.823234978499022,0.794479737726327,0.803212257152012,0.792038992688871,0.808704124715817,0.790629575402635,0.813451894195017,0.793244626407369,0.824132290447418,0.844416635916853,0.846204521206132,0.860832137733142,0.852195812372644,0.844091360476663,0.831078469269424,0.830815709969788,0.831771321462043
"76244","Fort Worth","TX","Dallas-Fort Worth","Tarrant",13,,,,,,,0.673801030519223,0.691244239631336,0.684838258256396,0.669463087248322,0.687151763706788,0.713426494676495,0.697155605131065,0.662871486561719,0.654266958424508,0.672858225928734,0.654024722022745,0.674748398902104,0.692520775623269,0.697391267854334,0.676593521421108,0.665083135391924,0.685279187817259,0.694780452790125,0.714678648665673,0.679329101191231,0.665747432930055,0.673913043478261,0.69397893080828,0.70625,0.712834206846183,0.713005136704613,0.727669902912621,0.689720640341565,0.681270096463023,0.688462885154062,0.696707971568501,0.700702769739562,0.705244122965642,0.710285132382892,0.713984835720303,0.720843628938665,0.737463126843658,0.735637552545539,0.740103704665268,0.718031609195402,0.715582445640237,0.715582445640237,0.73775989268947,0.723622782446312,0.733995584988962,0.744436998219492,0.740103704665268,0.745017970539182,0.754479919119694,0.751729267929619,0.73775989268947,0.73775989268947,0.723552894211577,0.730593607305936,0.745058436736277,0.748526546265759,0.760018424689083,0.758474822464069,0.744834214320038,0.755395683453237,0.807360120165227,0.742447516641065,0.748142962951793,0.764075067024129,0.769379097570382,0.735500140095265,0.743925001345841,0.768217734855136,0.791109634365298,0.822523730905624,0.796875,0.802936996684036,0.802930192473427,0.802363866340782,0.808771713518549,0.798163919026897
"77095","Houston","TX","Houston","Harris",14,,,,,,,,,,,,,,,,,,,,,,,,,,,,,,,,,,,,0.711782153592955,0.710018214936248,0.718685831622177,0.711856666131925,0.712572909915749,0.710782600406711,0.715628613255753,0.721250636405221,0.730411686586985,0.745526838966203,0.740188954116114,0.723182000803536,0.731224973562577,0.739332096474954,0.720164609053498,0.711641116890227,0.739113064322813,0.721662402334671,0.749148211243612,0.761976383155788,0.748258042120528,0.749420094246943,0.725646123260437,0.719753086419753,0.727622407703852,0.737476305189164,0.725043177892919,0.725043177892919,0.733913701741105,0.738255033557047,0.735776627585066,0.753516409912927,0.680139914496696,0.705363810902266,0.696957236842105,0.715907354921707,0.712060525144637,0.720721203012044,0.699464800329354,0.710482529118136,0.705502911282828,0.719424460431655,0.720079449310891,0.729298595351268,0.703376205787781,0.708410964365063,0.708195168166746
"77450","Cinco Ranch","TX","Houston","Fort Bend",15,,,,,,,,,,,,,,,,,,,,,,,,0.769799774026338,0.772157802132576,0.78082929456112,0.827205882352941,0.838668782092396,0.839454354669465,0.835344305798209,0.848608282416836,0.848608282416836,0.836226851851852,0.81059707394227,0.848608282416836,0.841992117520602,0.823355252069906,0.808473518261618,0.80535390199637,0.810234541577825,0.855122160308616,0.862068965517241,0.881612090680101,0.861586931875149,0.850873264666368,0.82764079606606,0.82762290487883,0.816582914572864,0.804878048780488,0.839763958238765,0.848608282416836,0.859638920323568,0.852103804161385,0.88394711409948,0.872288078729591,0.852336453362698,0.830664699032879,0.827331252523565,0.835276741293532,0.822154911293812,0.823314166231051,0.826206736695202,0.826084401638521,0.845880736088548,0.834363411619283,0.837220149253731,0.792187718317731,0.800450886984409,0.810564397079778,0.780771964950653,0.768924192321744,0.78776317485337,0.808756233880804,0.815738025415445,0.832930951231289,0.809287646528404,0.801682254822833,0.801910507792861,0.799303706822301,0.800088965874811,0.807779060712655,0.808383233532934
"77845","College Station","TX","College Station","Brazos",16,,,,,,,,,,,,,,,,,,,,,,,,,,,,,,,,,,,,,,,,,,,,,,,,,,,,,,,,,,,,,,,,,,,,,,,0.950309244133099,0.980869680261724,1.00335570469799,1.05909694555113,1.03743542054143,1.01928374655647,0.997340425531915,0.963543891144193,0.935483870967742,0.897826754435233,0.890736342042755,0.929033804842963
"79938","El Paso","TX","El Paso","El Paso",17,,,,,,,,,,,,,,,,0.79939706429169,0.762428298279159,0.72509128847157,0.736919675755343,0.713063320022818,0.718685831622177,0.707070707070707,0.693240901213172,0.703364966832147,0.719152157456472,0.724839516699916,0.724085365853659,0.740631064348123,0.712529243075994,0.718496683861459,0.705887145665635,0.703906643758754,0.728351619597972,0.731087390192408,0.698324022346369,0.709548517645312,0.720049658597145,0.723308732629494,0.7197370595144,0.7197370595144,0.729085122376604,0.719424460431655,0.711053652230123,0.704926624737946,0.702824133504493,0.690825398041883,0.701514064966234,0.711633663366337,0.700819849240428,0.690672752246323,0.691153238546603,0.743398673073336,0.74427884397888,0.716170550934889,0.718100016571878,0.720221606648199,0.713153724247227,0.717703349282297,0.705435988997732,0.702837291273918,0.711513583441138,0.708484141091812,0.709143936935322,0.704454306337822,0.701412066752246,0.702824133504493,0.717079530638853,0.717035611164581,0.700729986742393,0.68359375,0.731311958011444,0.68778361254602,0.669937851778586,0.690184049079755,0.703804347826087,0.700917946266126,0.693756213395695,0.688405797101449,0.711938663745893,0.720749063281859,0.708502024291498,0.68359375
"89117","Las Vegas","NV","Las Vegas","Clark",18,,,,,,,0.691900691900692,0.702247191011236,0.694444444444444,0.712401055408971,0.715630885122411,0.725011731581417,0.758459743290548,0.721257852304708,0.687919463087248,0.667364016736402,0.724213286713287,0.712401055408971,0.687134502923977,0.701754385964912,0.692513368983957,0.663924946891981,0.67425141128059,0.67425141128059,0.672494956287828,0.706762749445676,0.679977567932573,0.7044384667115,0.726552892834648,0.716156765667629,0.659758444668808,0.682749203459263,0.673076923076923,0.681160433690093,0.695159629248198,0.682749203459263,0.681998413957177,0.677672678652708,0.682500682500683,0.682749203459263,0.703360870574964,0.714485850378257,0.723514211886305,0.738424636114832,0.723745473357475,0.701417370965683,0.697674418604651,0.6963492478256,0.700652938221999,0.699960804807944,0.702247191011236,0.777907429015947,0.754342861007637,0.75966465425397,0.783475783475784,0.744281781119288,0.729946524064171,0.676751592356688,0.700589970501475,0.710611371554819,0.714595062797748,0.735294117647059,0.721073506963657,0.756055118936843,0.770454545454546,0.756055118936843,0.714549515292966,0.73360843649702,0.731734523145566,0.72312242159153,0.701754385964912,0.758459743290548,0.730565730565731,0.758459743290548,0.748863386008132,0.776892430278884,0.758459743290548,0.780818370165746,0.78125,0.786522380718151,0.790419547662507,0.794176042356056
"92592","Temecula","CA","Riverside","Riverside",19,,,0.833333333333333,0.816194488677947,0.84901989126383,0.854782038292677,0.851674035184673,0.848484848484849,0.854700854700855,0.823280011115868,0.827586206896552,0.835544718667228,0.813797541936555,0.816326530612245,0.821124597145418,0.84085027092806,0.848453230054967,0.860016420361248,0.869565217391304,0.854863221884498,0.840454545454545,0.821692686935086,0.828037773821044,0.837531486146096,0.826692568173663,0.831399845320959,0.843546932810994,0.831212388034441,0.827097282394644,0.851836037574722,0.823428190239391,0.83024073898701,0.842851667305481,0.844468030780676,0.841827435226272,0.82892749244713,0.829004562550096,0.839506751330685,0.839630562552477,0.837531486146096,0.837138508371385,0.855876366080986,0.863310220926833,0.847517331625997,0.830577124949829,0.845531587057011,0.865051903114187,0.839630562552477,0.861098502042669,0.862777321281841,0.836470096194061,0.834339411569815,0.845531587057011,0.860749066872392,0.861573808156232,0.8421875,0.864820772319791,0.882538005186279,0.865724381625442,0.845531587057011,0.859185349536629,0.850947965579887,0.868725868725869,0.850947965579887,0.87118837594591,0.905432661027977,0.880572220452922,0.892857142857143,0.850983358547655,0.919167500504809,0.842581074804744,0.881003177485247,0.881203798439316,0.880809595202399,0.87527352297593,0.965432684982387,0.966022651565623,0.976621131340729,0.971502590673575,0.959183673469388,0.933786078098472,0.941583397386626
"75035","Frisco","TX","Dallas-Fort Worth","Collin",20,,,,,,,,,,,,,,,,,,,,,,,,,,,,,,0.770591207680647,0.775510204081633,0.785696567897894,0.748076923076923,0.747896540978498,0.772946859903382,0.747896540978498,0.761071334873927,0.800802626778548,0.801119016738556,0.795940075919015,0.778008203329535,0.800676128091085,0.802772808586762,0.806854430243335,0.814293389310278,0.811535202462019,0.79731937365808,0.802772808586762,0.814847069525954,0.819277319922413,0.801787717682655,0.847283165130905,0.833333333333333,0.826128417037508,0.841198577575575,0.837410685361385,0.802772808586762,0.823643410852713,0.826967873876511,0.836431226765799,0.823643410852713,0.841121495327103,0.845134336528618,0.858435687130323,0.847767032360056,0.861216580538679,0.862131968555451,0.863303470933593,0.821220930232558,0.799921930997959,0.8326394742374,0.826123662662124,0.843799058084772,0.829625923867367,0.843799058084772,0.838803792851933,0.847868217054264,0.847510979885267,0.847153742716271,0.82216913411803,0.810159842347274,0.81430097195954
"32828","Orlando","FL","Orlando","Orange",21,,,,,,,0.68908092965477,0.691420429751749,0.701816669246247,0.668740279937792,0.664845594794153,0.672375690607735,0.663763414829971,0.661051729169707,0.670031055900621,0.644279578289731,0.672215108834827,0.675675675675676,0.699984197370982,0.685421724112959,0.681037536588108,0.680422919508868,0.676612617402091,0.684931506849315,0.685723627440405,0.68075117370892,0.670794633642931,0.685107460197828,0.705386246631263,0.698254364089776,0.702574800066577,0.719683339330695,0.737410071942446,0.715488215488216,0.700579159096084,0.698254364089776,0.699019289241504,0.702211242091506,0.698263099840311,0.698254364089776,0.703951484236367,0.723172628304821,0.723172628304821,0.732217573221757,0.708908406524467,0.723172628304821,0.719287789700588,0.723172628304821,0.700651756898517,0.713677504233107,0.734346831087366,0.740609496810772,0.737898465171192,0.729643462226091,0.743423560808235,0.730994152046784,0.708426547352722,0.744756574657683,0.741837524636756,0.747181856482058,0.75,0.746850118061441,0.735960144927536,0.747588424437299,0.742251724580328,0.770888392073492,0.750924214417745,0.750885896527286,0.745327102803738,0.723172628304821,0.722814498933902,0.723192019950125,0.746205825454347,0.760432007854688,0.767263427109974,0.778047933310177,0.781804516733491,0.804941969299888,0.811308887386529,0.786054912150066,0.75492341356674,0.769178184396426
"89031","North Las Vegas","NV","Las Vegas","Clark",22,,,,,0.643294475547716,0.654520088909466,0.642343268242549,0.647770127799149,0.630362086841596,0.632911392405063,0.635203134119811,0.641164856860809,0.624739691795085,0.624739691795085,0.624215809284818,0.646950092421442,0.652642419336106,0.638695884553715,0.642523364485981,0.635740436154339,0.638792102206736,0.625979623824451,0.619585029087913,0.616713447890281,0.617647058823529,0.621101871101871,0.612528667238315,0.617283950617284,0.629154396297855,0.626343054049466,0.634288747346072,0.638792102206736,0.633093854538233,0.630828304991772,0.632942326490714,0.622502804087737,0.620789947876985,0.629447181171319,0.63006300630063,0.632307570362421,0.644541963795941,0.633958103638368,0.63911397817675,0.635039029050414,0.643562665386309,0.63034188034188,0.62015503875969,0.622159090909091,0.631858355875078,0.625,0.628667225481978,0.62848158131177,0.642152307106658,0.632938187976291,0.64824983036838,0.66365568544102,0.651602732527588,0.64537913246545,0.641354540790149,0.633552965027876,0.648000274079462,0.651212718226182,0.655563457071066,0.676054844562977,0.654912005002761,0.671785028790787,0.687967760506621,0.685145350879463,0.675675675675676,0.641630901287554,0.655733193505426,0.679544405110051,0.652721774193548,0.683216243677363,0.697611292073833,0.708867192231333,0.712481987936033,0.71664829106946,0.703998741373827,0.722129935890183,0.713965980304387,0.716855087358685
"94513","Brentwood","CA","San Francisco","Contra Costa",23,,,,,,,,,,,,,,,,,,,,,,,,,,,,,,,,,,,,,,,,,,,,,,,,,,,,,,,,,,,,,,,,1.08394833948339,1.06165781951817,0.949620151939224,1.06969425942771,1.14793467819404,1.10905349794239,1.02448720619993,1.03185284881113,1.04314841156946,1.10270049099836,1.10423044330867,1.07447285778376,1.00456621004566,1.03059273422562,1.06463878326996,1.09410922930959,1.06826100327659,1.11317637339942,1.15457115928369
"77346","Atascocita","TX","Houston","Harris",24,,,,,,,,,,,,,,,,,,,,,,,,,,,,,,,,,,,,,0.671019223793979,0.674019607843137,0.671499990613766,0.692273336310853,0.72661217075386,0.726321905868681,0.714601238267556,0.681622686441949,0.677637947725073,0.687529634898056,0.730119783687112,0.725537162198557,0.727715642928992,0.744106599141696,0.775,0.751072961373391,0.75252915625757,0.743243243243243,0.777146208335225,0.777146208335225,0.760431541838846,0.757986815415821,0.734155142218733,0.74719800747198,0.750401100721573,0.77820787669501,0.795753252128516,0.79668440575267,0.743243243243243,0.775430794886048,0.723683464475816,0.732643380767572,0.758366602433979,0.692678388870809,0.7274490785645,0.720805553149145,0.709982788296041,0.716469239587314,0.722059439095856,0.743878674913158,0.724921630094044,0.738084220268394,0.753469796099854,0.7578125,0.769002375296912,0.743243243243243
"89074","Henderson","NV","Las Vegas","Clark",25,,,,,,,,,,,,,,,,,,,,,,,,,,,,,,,,,,,,,,,,,,,,,,,,,,,,,,,,,,,,,,,,,,,,0.747487388111682,0.735992402659069,0.727864016779532,0.739598203537189,0.760375774341033,0.735068360349572,0.738884045335658,0.772626931567329,0.761977573904179,0.767958656330749,0.801913337084975,0.791686127977581,0.827798861480076,0.809822361546499,0.789444722439365
"89147","Las Vegas","NV","Las Vegas","Clark",26,,,,,,,,,,,,,0.655515370705244,0.660438144329897,0.674548863422545,0.668303327877796,0.666370501999112,0.679963735267452,0.663390663390663,0.656857593273778,0.662780720162191,0.65720294426919,0.657030268771484,0.669269380925823,0.680272108843537,0.683131897004729,0.683426573943376,0.693251533742331,0.678541136556404,0.660438144329897,0.684427368940617,0.693251533742331,0.703191083146217,0.688511238011567,0.678519002516198,0.689995071463775,0.691533948030176,0.695825049701789,0.692906758606703,0.690902882455718,0.693251533742331,0.695825049701789,0.687002652519894,0.678257546809324,0.656186481989511,0.674200424897353,0.681223318967754,0.680504466631634,0.706070035845118,0.694742489270386,0.706596165550822,0.711098717233687,0.729549384283466,0.729743331655762,0.704592901878914,0.707866062196771,0.701571034496685,0.704592901878914,0.679190751445087,0.675887265135699,0.700200534759358,0.709406200735681,0.758553905745642,0.704592901878914,0.714627151051625,0.724699773475693,0.69453829172206,0.729232720355105,0.708792295169513,0.700208975790352,0.724248927038627,0.695825049701789,0.724248927038627,0.721164094264398,0.733053074093536,0.757820058045792,0.784409295653252,0.75207468879668,0.720949957591179,0.733735691305533,0.760755508919203,0.745702730030334
"92563","Murrieta","CA","Riverside","Riverside",27,,,,,,,,,,,,,,,,,,,,,,,,,,,,,,,,,,,,,,,,,,,,,,,,,,,,,,,,,,,,,,,,,0.759492573435813,0.861615245009074,0.793005286701911,0.75875486381323,0.822309617447265,0.84110075454949,0.762602481558055,0.777453838678329,0.790545454545455,0.829871601208459,0.830815709969788,0.803789551140545,0.839923705513186,0.921495389314714,0.938967136150235,0.886613386613387,0.887573964497041,0.860987838332213
"89148","Las Vegas","NV","Las Vegas","Clark",28,,,,,0.666370501999112,0.669818754925138,0.666370501999112,0.665322580645161,0.663133248103779,0.656504136760458,0.659068384539148,0.658329400660689,0.663664395876126,0.664214999166455,0.655872667398463,0.665280665280665,0.658964912063592,0.653602249293975,0.646409073238342,0.643021539363003,0.641936916925811,0.650652985074627,0.645422371779995,0.63742437337943,0.621752684447523,0.637494393172266,0.63293502613891,0.644158151932474,0.656704563356614,0.65884476534296,0.66129959746981,0.649069666810904,0.661076443057722,0.646923519263945,0.650406504065041,0.643952061154906,0.64283403952308,0.651428006914617,0.653167864141084,0.649162551693923,0.664825372010411,0.653076469383975,0.657849898580122,0.680333675759181,0.665301622962913,0.674507090971982,0.661853188929001,0.661076712498303,0.6571826625387,0.656470588235294,0.665983606557377,0.653633112398411,0.669267962032747,0.688582852065749,0.677565392354125,0.669579553848132,0.666370501999112,0.659068384539148,0.656470588235294,0.663064833005894,0.676305970149254,0.676181154088711,0.676056338028169,0.67338108563312,0.702805554460337,0.702751196172249,0.707996717675896,0.703107199817726,0.675858340091917,0.685636856368564,0.718046587645683,0.681482408634644,0.697695944406471,0.695564516129032,0.704607046070461,0.708549834671705,0.70189701897019,0.697294776119403,0.713194178117809,0.717379578819005,0.711736716891356,0.720197150105815
"28546","Jacksonville","NC","Jacksonville","Onslow",29,,0.683062375580624,0.681818181818182,0.677328009870951,0.656767561393489,0.683131897004729,0.669329073482428,0.667527993109388,0.661546085232904,0.664493480441324,0.65565933914766,0.626443482745476,0.626278118609407,0.632514432481433,0.649682904859285,0.645161290322581,0.653266331658292,0.659070598748883,0.647580095432856,0.661261736163572,0.644783118405627,0.644662197008767,0.651032403000907,0.646802038022332,0.639449090014756,0.626573458263283,0.625312812812813,0.627521290900941,0.626661783858,0.61652464857943,0.616141198511105,0.611246943765281,0.615467675431621,0.616407722302796,0.613346418056919,0.609418282548476,0.594249327638032,0.608108108108108,0.607752956636005,0.607930532372057,0.644415122446097,0.630011454753723,0.621195189113765,0.625418072840099,0.621272365805169,0.615488115156881,0.597989688375692,0.602586713697825,0.597176981541802,0.591425639909523,0.593047771122762,0.597176981541802,0.603789362049274,0.598802395209581,0.598802395209581,0.601851851851852,0.610088616223586,0.606060606060606,0.606060606060606,0.584139432978781,0.578193832599119,0.594465575287194,0.590128755364807,0.570776255707763,0.592034445640474,0.598802395209581,0.586734693877551,0.577580190702647,0.584002803801081,0.593161546085233,0.605449041372351,0.56844020009095,0.602564102564103,0.579643272126535,0.565237870937353,0.586023883237506,0.599128540305011,0.611097567679317,0.606326110058016,0.602678571428571,0.599608418991679,0.598230688063392
"92880","Eastvale","CA","Riverside","Riverside",30,,,,,,,,,,,,,0.788696092246932,0.814076336464396,0.807415455656662,0.801528073916134,0.822603719599428,0.793759459459459,0.787795027582025,0.787689524988771,0.779925398440149,0.819710273396043,0.829127613554434,0.862234686022215,0.820501236755092,0.8016548104644,0.810324823822155,0.809503372164316,0.822872971432843,0.818104275310547,0.811886886886887,0.8125,0.805008944543828,0.755268059885432,0.783333333333333,0.783333333333333,0.795262267343486,0.8,0.796423994214481,0.804145818441744,0.83056578175418,0.816453447050462,0.816453447050462,0.787455684895659,0.824803022184503,0.810810810810811,0.807782515991471,0.845309478237904,0.845309478237904,0.81884320341338,0.808362369337979,0.851851851851852,0.851851851851852,0.855456123987353,0.867609254498715,0.853276353276353,0.848044305988231,0.836756048774585,0.869531673261691,0.876168224299065,0.875955890074186,0.850509097697931,0.85,0.81281679942071,0.820251267581591,0.871862934362934,0.872428069588491,0.850509097697931,0.85,0.88809946714032,0.849166343544009,0.861713361713362,0.925925925925926,0.905463474524248,0.895266935338913,0.908133363942041,0.905624404194471,0.961538461538462,0.937663015127804,0.961153846153846,0.925915742233179,0.960170697012802
"75025","Plano","TX","Dallas-Fort Worth","Collin",31,,,,,,,,,,,,,,,,,,,,,,,,,,,,,0.772436212383298,0.779664492586591,0.761985572843328,0.760188155813904,0.741911491260692,0.743931088488645,0.743931088488645,0.740990420237053,0.766717909300538,0.763346288405811,0.763648699217558,0.784151877837392,0.763281899855748,0.779913954860539,0.787955339787406,0.77254039479069,0.783570036201615,0.780785805978361,0.759845890410959,0.774561761108846,0.757839474945867,0.777610798658075,0.805119735755574,0.802351445821417,0.810372771474878,0.822603719599428,0.811022993400043,0.80233673660222,0.791446208112875,0.819274250133237,0.8117595436595,0.795435372295552,0.819295720227298,0.821226524522054,0.82073611567532,0.821557673348669,0.855245131958409,0.819032761310452,0.832235397452789,0.825638293707295,0.826717542823632,0.803140120587617,0.84230229293402,0.810464298396489,0.807710001927271,0.83203125,0.836776955146479,0.861281593437303,0.828339795558689,0.83,0.829577024963773,0.827119580226457,0.819447766032642,0.835427135678392
"78253","San Antonio","TX","San Antonio","Bexar",32,,,,,,,,,,,,,,,,,,,,,,,,,,,,,,,,,,,,,,,,,,,,,,,,,,,,,,,,,,,,,,,,,,,,,,,0.625388855628282,0.620496397117694,0.648702594810379,0.649995347963987,0.658508158508158,0.658336761277938,0.668795303369103,0.696763136127466,0.692712662787476,0.665599125849819,0.662944870900209,0.652858413407222
"75068","Little Elm","TX","Dallas-Fort Worth","Denton",33,,,,,,,,,,,,,,,,,,,,,,,,,,,0.665750196386489,0.685781610544018,0.729755178907721,0.719745222929936,0.678253497244595,0.720180202254277,0.688888888888889,0.693404535192805,0.705466531440162,0.700677707583572,0.716542682005014,0.712981267473345,0.709682297486206,0.702732761606285,0.684584178498986,0.709750551179759,0.699044585987261,0.754679410593389,0.736278447121821,0.737823825071672,0.780332681017613,0.734763201337188,0.731881107491857,0.70506881879615,0.753166058789803,0.749034749034749,0.730240549828179,0.760128359406338,0.779693365864982,0.760649087221095,0.776089828269485,0.748218527315915,0.75,0.748930099857347,0.776942355889724,0.779098950328635,0.780191909371433,0.792475097740798,0.783193352031943,0.75536694247775,0.743334064931402,0.766045428561821,0.814647751822846,0.794211083656901,0.811359026369168,0.754288597376388,0.800981704596162,0.81675090784179,0.799492385786802,0.792685116199743,0.816162621890508,0.813338755591704,0.833719314497453,0.813034200811666,0.78055946621848,0.777041027766266
"33033","Homestead","FL","Miami-Fort Lauderdale","Miami-Dade",34,,,,,,,,,,,,,,,,,,,,,,,,,,,,,,,,,,,,,,,,,,,,,,,,,,,,,,,,,,,,,,,,,,,,,,0.894054537326777,0.914285714285714,0.935320228281547,0.961382943491555,0.938967136150235,0.934995547640249,0.947046843177189,0.941028858218319,0.896550121501158,0.944628949226786,0.95038325715433,0.947046843177189,0.92317986770898
"33178","Doral","FL","Miami-Fort Lauderdale","Miami-Dade",35,1.16163793103448,1.07866174639313,1.07715111152365,1.14647239263804,1.14647239263804,1.15926657537489,1.16156282998944,1.17713596259709,1.18821742213972,1.18082481494536,1.17498256405566,1.16156282998944,1.16644235082997,1.18082481494536,1.19530897609382,1.18827576281426,1.18660855784469,1.18931931547326,1.17302052785924,1.19355470566239,1.20853806818068,1.20725933719095,1.18358758548133,1.20988953182536,1.22663551401869,1.21955950085153,1.21786197564276,1.23681204351146,1.25592697443019,1.26689189189189,1.25164690382082,1.2573568753344,1.24794758943678,1.2350936967632,1.21436114044351,1.21654501216545,1.21436114044351,1.21868708538236,1.21951219512195,1.22222222222222,1.23986647591798,1.23483282996874,1.2404149751917,1.24048458647757,1.24615232433881,1.26288151961949,1.24660018132366,1.25973431058177,1.26677737357181,1.27118644067797,1.26715945089757,1.26715945089757,1.2915288116901,1.309460181721,1.28246232766912,1.30369764248292,1.32677345537757,1.31509731720147,1.31995776135164,1.32552594670407,1.3271400132714,1.33773453787352,1.33640552995392,1.32646445878122,1.32743362831858,1.28634681648345,1.31221719457014,1.2972234865726,1.28146453089245,1.2912139211467,1.32189239332096,1.29416816797383,1.29132231404959,1.31255937006885,1.31172822264,1.29867830786661,1.2982683982684,1.31874040900256,1.2987012987013,1.2987012987013,1.31515667977253,1.31467793030623
"77407","Richmond","TX","Houston","Fort Bend",36,,,,,,,,,,,,,,,,,,,,,,,,,,,,,,,,,,,,,,,0.683845861631472,0.728659873749922,0.773453093812375,0.788866930171278,0.832247439822846,0.753953659433615,0.739713361072584,0.789841565703635,0.775626943102221,0.817286162113748,0.786678099044831,0.758589915216421,0.774336283185841,0.814332247557003,0.826165120282767,0.814996466355989,0.78621136082903,0.797984040319194,0.769414315506074,0.753932289775257,0.762109227990724,0.783699059561129,0.79249724994842,0.796120020958976,0.779550199350321,0.802919708029197,0.753932289775257,0.783630822812364,0.75187969924812,0.740392423406327,0.79115275142315,0.756239887424645,0.75187969924812,0.752212954112932,0.74483634800984,0.767798976268032,0.776522318607526,0.790993603755433,0.791065611912517,0.80034924330617,0.801068090787717,0.795805151159999,0.776790066619726,0.775418275418275
"34746","Kissimmee","FL","Orlando","Osceola",37,,,,,,,,,,,,,,,,,,,,,,,,,,,,,,,,,,,,,,,,,,,,,0.661020563419245,0.638179800221976,0.638179800221976,0.638179800221976,0.638179800221976,0.645592163846839,0.659444182760245,0.651779828609097,0.641025641025641,0.678013922197197,0.667181865018032,0.645592163846839,0.67524115755627,0.682261208576998,0.656877897990726,0.650026001040042,0.658574380165289,0.671492760858712,0.708276169369496,0.653153153153153,0.67524115755627,0.653503893214683,0.650406504065041,0.672268907563025,0.658344605565216,0.671324694462228,0.694073678590497,0.67524115755627,0.72228098759243,0.687363149324853,0.707547169811321,0.727697637434155,0.727469905063565,0.776196636481242,0.766666666666667,0.759597314367361,0.760095011876485,0.751915608171423
"34786","Windermere","FL","Orlando","Orange",38,,,,,,,,,,,,,,0.737023221677467,0.794251134644478,0.794251134644478,0.813534867922216,0.826496105199094,0.858066598460489,0.845182983746396,0.847853803654909,0.809957785931274,0.801832760595647,0.787962193883922,0.762250453720508,0.775359502526234,0.780305723426946,0.850995504174695,0.845070422535211,0.847649665159038,0.852361724768053,0.851599529540476,0.838574423480084,0.812454552654125,0.791128267824857,0.790317250495704,0.824494639800011,0.838072433403173,0.833060729355597,0.833199571963617,0.846153846153846,0.850995504174695,0.811804451510334,0.826446280991736,0.847495527728086,0.806982872200264,0.824896887889014,0.822284509518277,0.837887067395264,0.85513078470825,0.849260834345889,0.837138508371385,0.849758586433236,0.858175248419151,0.881624566617137,0.870163771798556,0.891376451077944,0.886990801576872,0.843195069132101,0.866765725606736,0.87036188731104,0.878533231474408,0.884955752212389,0.906344410876133,0.874260248487406,0.907717659983521,0.903161063723031,0.903606843016573,0.956567887011435,0.887933590275719,0.89785557475205,0.835304194722692,0.884955752212389,0.860466496527984,0.858901191155723,0.868573797678275,0.92195648439102,0.923667570009033,0.981881047118399,0.942670257791458,0.903461538461538,0.911409044794737
"33196","The Hammocks","FL","Miami-Fort Lauderdale","Miami-Dade",39,,,,0.922083909635777,0.904159132007233,0.899883553006265,0.904159132007233,0.91844232182219,0.932964754664824,0.935404165195905,0.95513336785865,0.95151789759855,0.927400810402496,0.925517849272807,0.939368061485909,0.938034188034188,0.88069516204791,0.920245398773006,0.938379230072406,0.978625358808517,0.972927241962775,0.95151789759855,0.962649210627647,0.961206480544536,0.994826900119379,1.00910170162248,1.01011212476881,1.02062534896136,1.01010101010101,1.02904850670252,0.995520159283225,0.974264705882353,0.982905982905983,1,1.00217826991225,1.00515463917526,1.00910170162248,0.974775719153961,0.972566745711742,0.970636145899732,0.986842105263158,0.988247863247863,0.982615268329554,0.980049002450122,0.977887295788767,0.96360447378295,0.973084886128364,0.982905982905983,0.989749027925062,1.01502233049127,1.00452835410858,0.989427702661257,0.995520159283225,0.992025641491494,1.00403108668444,1.0106640814348,0.993377483443709,0.994877359540767,1.02827763496144,1.03092783505155,1.02736766650193,1.03092783505155,1.03092783505155,1.03578154425612,1.00852141796904,1.03824429135755,1.00505232767954,1.07655502392344,0.967804499612102,1.02927721866423,1.03546819173786,1.03081105573176,1.01634117178159,1.01046553590761,1.03806228373702,1.03092783505155,1.00973417007874,1.01010101010101,1.03806228373702,1.0330331237911,1.03259115843821,1.04213864975079
"30519","Buford","GA","Atlanta","Gwinnett",40,,,,,,,,,,,,,,,,,,,,,,,,,,0.585797657601093,0.583889418493804,0.573967339097022,0.57310670245266,0.573967339097022,0.57678369586469,0.564603125771627,0.567546990554711,0.557824079824452,0.552104899930987,0.552104899930987,0.562409355840876,0.568404547236378,0.559852224135134,0.562409355840876,0.573516386182462,0.587478368455953,0.567393143954217,0.56253056868877,0.582959641255605,0.558419243986254,0.631533101045296,0.600333629824783,0.600111538584221,0.600214548716887,0.597288676236045,0.608011444921316,0.634725634725635,0.631533101045296,0.64666427184248,0.642968254431943,0.635824977210574,0.628266550522648,0.61029165817631,0.614569780266955,0.607811558327914,0.631533101045296,0.641025641025641,0.638126009693053,0.631533101045296,0.627943485086342,0.635632169070066,0.627943485086342,0.657753918200471,0.611676208795222,0.637267789561296,0.620986822947001,0.639438943894389,0.651132404181185,0.665392355893028,0.678434708634624,0.675479568481559,0.676875935401257,0.667364016736402,0.673652694610778,0.665115673136377,0.659321581196581
"30813","Grovetown","GA","Augusta","Columbia",41,,,,,,,,,,,,,,,,,,,,,,,,,,,0.602472789361908,0.611111111111111,0.62047569803516,0.620893332086856,0.60930576070901,0.595964616892644,0.604925775978407,0.607760635811127,0.603313901913572,0.59494298463064,0.594127371495471,0.594127371495471,0.596864080503944,0.604757085020243,0.612260835611089,0.594546446611481,0.613943179528511,0.611750153413065,0.604063701263042,0.625,0.612467821988025,0.625744934445769,0.61912714048937,0.617475060199518,0.621380846325167,0.622561650526769,0.613711001642036,0.608614232209738,0.600169540644548,0.608218063466233,0.599630996309963,0.607638888888889,0.611049107142857,0.620607778534484,0.617001828153565,0.617001828153565,0.628456510809452,0.604423152175549,0.605430301229432,0.604508196721312,0.618234348072671,0.599214898663107,0.59580552907531,0.605714765185366,0.608221476510067,0.59494298463064,0.621727748691099,0.61794734013971,0.617114646187603,0.617114646187603,0.622560227364334,0.626620570440795,0.629677555236265,0.636132315521629,0.623795761078998,0.598478783026421
"32824","Orlando","FL","Orlando","Orange",42,,,,,,,,,,,,,,,,,,,,,,,,,,,,,,,,,,,,,,,,,,,,,,,,,,,,,,,,,,,,,,,,,,,,,,,0.727882231991372,0.715835140997831,0.730868443680138,0.748089985229566,0.735242426824592,0.786218945968063,0.803130148270181,0.795755968169761,0.775375939849624,0.787066212824931,0.758361224291812,0.749539399092971
"33032","Princeton","FL","Miami-Fort Lauderdale","Miami-Dade",43,,,,,,,,,,,,,,,,,,,,,,,,,,,,,,,,,,,,,,,,,,,,,,,,,,,,,,,,,,,,,,,,,,,,0.921305182341651,0.868267284935068,0.921955403087479,0.978747203579418,0.900036306962081,0.9384916069905,0.980256818354067,0.963172804532578,0.937384235119057,0.962114533153437,0.956175298804781,0.950687767094017,0.988787462561285,0.984557940034091,0.993651745587122
"77389","The Woodlands","TX","Houston","Montgomery",44,,,,,,,,,,,,,,,,,,,,,,,,,,,,,,,,,,,,,,0.896065485170972,0.895614576899321,0.920391381957803,0.947459086993971,0.934934477575372,0.92531504818384,0.913799118210294,0.901723292524754,0.909752547307133,0.884303610906411,0.892710362049785,0.915750915750916,0.906006637876635,0.923594961369968,0.937612693833393,0.939133013222632,0.95127268304457,0.957446808510638,0.931983083304479,0.902151283830673,0.879695463380422,0.872259284562162,0.872259284562162,0.876353313012265,0.864579541317801,0.880074930653121,0.906148867313916,0.89617814829281,0.87382779198636,0.867315885575167,0.87260034904014,0.825405707890319,0.842834474856451,0.792253521126761,0.810110174983798,0.839422486723066,0.847282856222437,0.837457175485344,0.837457175485344,0.844979448032883,0.869634213827098,0.884098498567439,0.865707032903889,0.85594436047852,0.853962832224855
"89081","North Las Vegas","NV","Las Vegas","Clark",45,,,,,,,,,,,,,0.59228650137741,0.592417061611374,0.59437166424066,0.61807709348693,0.60912233401149,0.592113023988453,0.586288660132838,0.588550026752274,0.581088219756999,0.583006175468319,0.582369877331692,0.591659597764422,0.585082930729768,0.577390385631273,0.577390385631273,0.590418264064842,0.587248322147651,0.561797752808989,0.579333534943333,0.575364472208773,0.562897699461576,0.564361967807795,0.598139122729287,0.578262888992104,0.574654262472239,0.564405393020122,0.575771533855366,0.577124868835257,0.580181297701701,0.579374555835219,0.57827353938757,0.574712643678161,0.571510626076967,0.59228650137741,0.578034682080925,0.58715581923872,0.582901554404145,0.582901554404145,0.59228650137741,0.60226454952759,0.586854460093897,0.586854460093897,0.579777365491651,0.59228650137741,0.596276643307647,0.602409638554217,0.591374979743964,0.599087054801303,0.586137204372584,0.606540084388186,0.608040731820679,0.609017771390781,0.586031933434531,0.59228650137741,0.602409638554217,0.599725872929466,0.602409638554217,0.607127482027965,0.602409638554217,0.593559974006176,0.608452138492872,0.608142493638677,0.617744103021676,0.633958103638368,0.66143034311699,0.656734210727762,0.652026857019572,0.67063697566028,0.65298608479073,0.637308592774942
"33579","Riverview","FL","Tampa","Hillsborough",46,,,,,,,,,,,,0.680911680911681,0.678567573402418,0.670399225048287,0.719310603925989,0.711119320280754,0.704185520361991,0.709117404897141,0.700136612021858,0.708251196845959,0.708251196845959,0.73870831574504,0.715460275310564,0.715746421267894,0.704036858789013,0.707840376598593,0.70791819611956,0.71609098567818,0.715918703473037,0.687681330131453,0.699228351095423,0.698974836905871,0.684931506849315,0.698974836905871,0.697976128697457,0.691244239631336,0.681255161023947,0.678610206297503,0.681477082347317,0.684931506849315,0.698974836905871,0.707859848484849,0.71078431372549,0.701754385964912,0.699639799019499,0.682232346241458,0.699053077584533,0.703491401771756,0.701761200622279,0.684400826446281,0.695771948074635,0.707778957839228,0.736416021856976,0.751387245265286,0.729009552538964,0.726621735467565,0.730386586057109,0.729009552538964,0.74777478648988,0.74897877299525,0.741794310722101,0.740242261103634,0.748102391199176,0.741130927231352,0.738127727458503,0.751397179956507,0.75642965204236,0.734721082425888,0.737280149044855,0.729009552538964,0.759805301328257,0.708509243361479,0.748624692785753,0.725670300265564,0.765913895349925,0.767281105990783,0.776742121615624,0.776876807934249,0.779079861111111,0.767841011743451,0.744239560873596,0.776610692890222
"33185","Kendall West","FL","Miami-Fort Lauderdale","Miami-Dade",47,,,,,,,,,,,,,,,,,,,,,,,,,,,,,,,,,,,,,,,,,,,,,,,,,,,,,,,,,,,,,,,,,,,,1.11827956989247,1.07490832370523,1.16333178222429,1.07032982522082,1.04189739045359,1.10074626865672,1.08235294117647,1.05949470252649,1.0846547314578,1.09122653862942,1.08235294117647,1.05765435212846,1.03648839028113,1.07490832370523,1.08953389242451
"11963","Noyack","NY","New York","Suffolk",48,,,,,,,,,,,,,,,,,,,,,,,,,,,,,,,,,,,,,,,,,,,,,,,,,,,,,,,,,,,,,,,,,,,,,,15.4584942084942,17.5613934894346,16.6666666666667,17,16.3370593293207,15.9038887132469,16.3370593293207,15.6349206349206,15,14.8398398398398,14.0178571428571,14.7685185185185,16.8697234352256
"11976","Water Mill","NY","New York","Suffolk",49,,,,,,,,,,,,,,,,,,,,,,,,,,,,,,,,,,,,,,,,,,,,,,,,,,,,,,,,,,,,,,,,19.3684210526316,18.0952380952381,16.5,16.6666666666667,14.458064516129,16.6666666666667,17.25,16.6666666666667,17.375,16.6666666666667,16.6666666666667,16.6666666666667,16.6666666666667,17.4362784363986,16.6666666666667,16.5,15,16.6666666666667,18.0104849279161
