"RegionName","City","State","Metro","CountyName","SizeRank","2010-10","2010-11","2010-12","2011-01","2011-02","2011-03","2011-04","2011-05","2011-06","2011-07","2011-08","2011-09","2011-10","2011-11","2011-12","2012-01","2012-02","2012-03","2012-04","2012-05","2012-06","2012-07","2012-08","2012-09","2012-10","2012-11","2012-12","2013-01","2013-02","2013-03","2013-04","2013-05","2013-06","2013-07","2013-08","2013-09","2013-10","2013-11","2013-12","2014-01","2014-02","2014-03","2014-04","2014-05","2014-06","2014-07","2014-08","2014-09","2014-10","2014-11","2014-12","2015-01","2015-02","2015-03","2015-04","2015-05","2015-06","2015-07","2015-08","2015-09","2015-10","2015-11","2015-12","2016-01","2016-02","2016-03","2016-04","2016-05","2016-06","2016-07","2016-08","2016-09","2016-10","2016-11","2016-12","2017-01","2017-02","2017-03","2017-04","2017-05","2017-06","2017-07","2017-08","2017-09","2017-10"
"10025","New York","NY","New York","New York",1,,,,2675,2517.5,2600,2617.5,2750,2775,2775,2750,2825,2785,2785,2725,2695,2775,2800,2895,2800,2875,2850,2999.5,3135,3300,3185,3000,3000,3000,3100,3200,3200,3250,3200,3200,3200,3250,3200,3200,3250,3205,3250,3295,3250,3200,3195,3000,3182.5,3158,3100,3150,3145,3197.5,3195,3190,3100,3072.5,3050,3100,3150,3195,3195,3175,3150,3162,3175,3037.5,3012.5,3240,3200,3095,3200,3295,3200,3000,3200,3097.5,3100,3112,3100,3070,3200,3250,3295,3200
"60657","Chicago","IL","Chicago","Cook",2,,,,,,1195,1215,1250,1342.5,1275,1260,1275,1295,1250,1250,1345,1475,1400,1450,1495,1600,1600,1500,1575,1545,1570,1497.5,1500,1500,1495,1510,1575,1525,1445,1480,1400,1350,1425,1425,1500,1500,1475,1495,1525,1500,1500,1450,1447.5,1550,1575,1595,1600,1535,1550,1650,1695,1745,1695,1550,1545,1472,1468.5,1460,1440,1490,1550,1572.5,1595,1650,1550,1460,1460,1500,1435,1466,1495,1540,1575,1550,1605,1650,1595,1595,1595,1595
"10023","New York","NY","New York","New York",3,,,,,,,,,,,3200,3300,3100,3143.5,3250,3195,3197.5,3175,3200,3250,3272.5,3200,3350,3300,3300,3325,3200,3200,3100,3225,3200,3200,3300,3300,3399,3495,3500,3400,3400,3400,3400,3435,3450,3450,3495,3400,3497,3420,3395,3427,3369,3350,3440,3450,3495,3250,3272.5,3399,3416,3418,3300,3286,3300,3250,3238,3234,3300,3295,3200,3226,3195,3250,3325,3279.5,3200,3162,3226,3200,3200,3235.5,3295,3400,3300,3300,3400
"60614","Chicago","IL","Chicago","Cook",4,,,,,1475,1430,1500,1500,1595,1500,1445,1519.5,1550,1625,1600,1600,1585,1575,1600,1750,1845,1765,1694,1657.5,1700,1700,1600,1694.5,1697.5,1695,1694.5,1835,1805,1837.5,1715,1672.5,1597.5,1665,1675,1752.5,1700,1650,1675,1637.5,1795,1750,1750,1800,1895,1951,1895,1930.5,1850,1700,1750,1895,1995,1895,1899.5,1895,1825,1950,1967,1900,1970,1897.5,1850,1895,1942.5,1850,1660,1725,1575,1650,1595,1650,1675,1750,1750,1800,1863.5,1945,1880,1875,1800
"10002","New York","NY","New York","New York",5,,,,,,,,,,,,,,,,,2500,2500,2687.5,2600,2600,2600,2572.5,2550,2725,2825,2600,2595,2597.5,2650,2695,2700,2750,2750,2750,2750,2800,2763.5,2745,2750,2700,2795,2795,2795,2875,2941.5,3045,3000,3000,3050,3100,2972.5,3000,2995,2950,2895,3150,3150,3197,3295,3100,3090,3000,3100,3092,3025,2950,2997.5,3300,3075,3197.5,3234.5,2995,3200,2987,2900,3200,3062.5,3075,3200,3200,3200,3196.5,3100,2995
"60640","Chicago","IL","Chicago","Cook",6,,,,797,812.5,925,862.5,875,824,845,800,800,800,875,875,985,995,997,1050,1050,995,1025,1100,1095,1150,1175,1145,1145,1125,1150,1100,1100,1125,1145,1150,1195,1175,1175,1150,1190,1175,1175,1175,1175,1175,1195,1195,1200,1200,1250,1200,1200,1200,1200,1195,1200,1210,1300,1275,1225,1275,1295,1250,1242.5,1275,1350,1325,1300,1317.5,1290,1250,1225,1250,1200,1175,1200,1295,1295,1350,1350,1350,1350,1350,1300,1350
"10467","New York","NY","New York","Bronx",7,,,,,,,,,,,,,,,,,,,,,,,1200,1200,1200,1195.5,1300,1300,1300,1250,1285,1283.5,1250,1275,1275,1250,1250,1200,1200,1249,1250,1250,1250,1200,1205,1250,1300,1300,1250,1275,1300,1300,1300,1300,1300,1300,1350,1400,1400,1400,1400,1400,1400,1400,1400,1400,1450,1400,1400,1450,1400,1450,1495,1475,1450,1450,1475,1475,1498.5,1500,1500,1500,1537.5,1525,1550
"94109","San Francisco","CA","San Francisco","San Francisco",8,,,,,,,,,,,,,,,,,,,,,,,,,,,,,,,,,,,,,,,3772.5,3625,3372.5,3200,3400,3600,3600,3675,3800,3900,3995,3900,4000,4200,3975,3850,3800,3800,3900,3995,3997.5,3860,3795,3812.5,3700,4175,4000,3650,4000,4290,3875,4040,3555,3625,3497.5,3600,3600,3550,3472.5,3495,3400,3575,3575,3500,3400,3295,3200
"11226","New York","NY","New York","Kings",9,,,,,,,,,,,,,,1487.5,1400,1385,1300,1295,1350,1275,1350,1400,1400,1350,1399.5,1387,1517,1550,1500,1500,1499,1600,1700,1700,1750,1700,1600,1550,1600,1650,1650,1650,1675,1750,1795,1775,1750,1750,1800,1800,1795,1750,1750,1800,1850,1950,1850,1825,1895,1895,1950,1900,1900,1900,1900,1900,1900,1950,1997,1999,1950,2100,1931.5,2000,1849,1900,1900,1950,1950,1975,2000,2050,2000,2000,2000
"10016","New York","NY","New York","New York",10,,,,2500,2525,2700,2750,2800,2850,2895,2900,2900,2950,2995,2900,2900,2925,2900,2930,3085,3095,3095,3150,3150,3160.5,3125,3050,3000,3000,3000,3000,3100,3100,3170.5,3200,3195,3177,3100,3100,3085,3100,3125,3150,3200,3200,3450,3438.5,3400,3389,3400,3448,3395,3400,3492.5,3450,3412,3400,3395,3375,3350,3300,3300,3295,3250,3295,3295,3297.5,3300,3300,3300,3295,3350,3400,3300,3300,3236,3295,3300,3385,3400,3395,3400,3400,3395.5,3395
"11375","New York","NY","New York","Queens",11,,,,,,,,,,,,,1900,2000,1900,1995,1972.5,2100,2000,2100,1950,1950,1925,1837.5,1875,1862.5,1995,1895,1912.5,1895,1900,1897.5,2000,2000,2000,1968,1925,1925,1950,1950,1950,1950,1925,1995,1975,2007.5,1950,2023.5,2000,1950,2000,2050,2050,2000,2100,2150,2175,2195,2200,2200,2197.5,2250,2250,2250,2200,2197,2162.5,2200,2150,2250,2197,2200,2200,2200,2100,2100,2100,2000,2000,1997,2000,2000,2100,2100,2100
"60647","Chicago","IL","Chicago","Cook",12,,,,,,,,,,,1025,1100,1195,1199,1192,1200,1195,1200,1295,1295,1172.5,1150,1200,1300,1295,1250,1250,1300,1297.5,1297.5,1295,1295,1250,1250,1262.5,1250,1262.5,1350,1295,1300,1350,1300,1350,1250,1295,1325,1300,1295,1250,1295,1295,1395,1395,1250,1400,1400,1450,1395,1350,1395,1400,1400,1400,1400,1450,1450,1450,1395,1487.5,1425,1350,1400,1300,1450,1595,1425,1495,1550,1595,1595,1600,1610,1650,1600,1650
"90250","Hawthorne","CA","Los Angeles-Long Beach-Anaheim","Los Angeles",13,,,,,,,,,,,,,,,,,,,,,,,,,,,,,,,,,,,,,,,,,,,,,,,,,,,,,,,,,,,,,,,,,,,,,1150,1200,1150,1237.5,1250,1250,1250,1285,1275,1295,1300,1300,1295,1335,1350,1325,1350
"10009","New York","NY","New York","New York",14,,,,,2900,2600,2595,2595,2650,2660,2695,2690,2800,2900,2895,2895,2895,2825,2895,2950,2992.5,2950,2900,3000,3000,2995,2895,2895,2900,2895,2900,2995,3000,3062.5,3000,3100,3100,3100,3000,3000,3095,3090,3095,3195,3100,3136,3185.5,3200,3200,3095,3000,3000,3000,3000,3195,3050,3150,3150,3200,3240,3136,2995,3000,2963,2975,2995,3095,3300,3293,3255,3300,3095,3000,3125,2995,2990,3000,3000,3200,3200,3195,3200,3200,3000,3070
"60618","Chicago","IL","Chicago","Cook",15,,,,,,,,,,1200,1295,1150,1200,1300,1300,1325,1400,1395,1350,1250,1200,1350,1275,1300,1295,1200,1250,1287.5,1250,1257.5,1250,1350,1295,1400,1487.5,1400,1300,1300,1350,1350,1350,1350,1350,1450,1300,1400,1425,1400,1425,1362.5,1350,1350,1450,1275,1300,1350,1495,1425,1450,1400,1400,1400,1400,1400,1400,1400,1450,1500,1500,1495,1450,1495,1375,1375,1430,1400,1425,1445,1475,1550,1550,1537.5,1500,1485,1500
"10011","New York","NY","New York","New York",16,,,,,,2800,2800,2797.5,2850,2895,2795,2817.5,3000,3212.5,3212.5,3250,3300,3300,3295,3450,3400,3400,3441,3475,3372.5,3400,3295,3275,3295,3300,3400,3400,3450,3495,3500,3500,3600,3500,3500,3500,3500,3500,3575,3550,3600,3500,3500,3622.5,3635,3600,3695,3750,3700,3650,3795,3650,3550,3550,3697.5,3695,3795,3480,3450,3495,3512,3525,3500,3600,3600,3500,3610,3550,3750,3505.5,3500,3505,3600,3595,3699,3795,3742.5,3695,3700,3695,3722.5
"10029","New York","NY","New York","New York",17,,,,,,,,,,,,,,,,,,,,,,,,,,,,,,,,,,,,,,,,,,,,,,,,,,,,,,,,,,,,,,,,,,,2800,2800,2850,2800,2850,2900,2895,2895,2900,2850,2700,2700,2725,2750,2797.5,2750,2700,2700,2650
"10128","New York","NY","New York","New York",18,,,,,,,2550,2472.5,2450,2495,2500,2500,2550,2595,2550,2600,2672.5,2600,2635,2695,2695,2650,2675,2700,2695,2750,2750,2700,2700,2750,2700,2695,2700,2695,2695,2700,2795,2700,2700,2650,2695,2725,2755,2750,2750,2690,2700,2700,2695,2695,2695,2695,2725,2750,2750,2650,2700,2700,2750,2795,2750,2695,2650,2665,2725,2750,2700,2750,2700,2697,2695,2700,2795,2675,2700,2695,2750,2750,2774,2700,2750,2795,2800,2845,2799.5
"11201","New York","NY","New York","Kings",19,,,,,2500,2500,2500,2362.5,2474.5,2500,2545,2675,2692.5,2750,2750,2800,2797.5,2800,2780,2775,2825,2850,2850,2900,2930,2950.5,3008,3044.5,3000,2958,2930,3000,3100,3100,3100,3150,3125,3075,3000,2895,2900,2900,2950,3025,3163,3000,3095,3105,3166,3075,3135,3200,3320,3355,3345,3450,3300,3214,3200,3200,3200,3270,3300,3300,3400,3385,3295,3200,3220,3272.5,3150,3245,3200,3175,3100,3100,3150,3100,3167,3125,3124,3150,3207,3185,3233.5
"90046","Los Angeles","CA","Los Angeles-Long Beach-Anaheim","Los Angeles",20,,,,,,,,,,,,,,,,,,,,,,,,,,,,,,,,,,,,,,,,,,,,,,,,,,,,,,,,,,,,,,,,,,,,,,,,2347.5,2300,1947.5,2100,2397.5,2347.5,2400,2592.5,2347.5,2400,2495,2462.5,2492.5,2495
"20009","Washington","DC","Washington","District of Columbia",21,,,,,,,,,,,,,,,,,,,,,,,,,,,,,,,,,,,2875,2499,2350,2400,2385,2395,2395,2395,2395,2300,2670,2790,2925,2860,2910,2940,2700,2700,2730,2800,2730,2730,2699,2500,2400,2620,2695,2699.5,2700,2730,2850,2880,2880,2890,2880,3035,2822.5,2700,2850,2850,2850,2640,2730,2850,2850,2850,2850,2912.5,2897.5,2850,2747.5
"10462","New York","NY","New York","Bronx",22,,,,,,,,,,,,,,,,,,,,,,,,,,,,,,,1222.5,1275,1300,1250,1295,1247.5,1250,1295,1225,1250,1278,1250,1250,1300,1300,1325,1326,1350,1350,1350,1300,1300,1350,1399,1400,1400,1450,1475,1450,1425,1395.5,1395,1450,1450,1450,1450,1450,1450,1450,1500,1500,1499.5,1600,1500,1500,1615,1500,1450,1498,1550,1600,1600,1700,1700,1750
"10003","New York","NY","New York","New York",23,2897.5,3097.5,2900,3225,3250,3000,3000,3000,3000,3195,2995,3072.5,3195,3200,3200,3200,3301,3150,3197.5,3300,3300,3299,3295,3300,3300,3250,3150,3195,3200,3250,3200,3250,3300,3300,3300,3327.5,3300,3312,3400,3350,3395,3400,3400,3500,3600,3590,3492.5,3400,3489,3500,3595,3625,3600,3600,3700,3300,3300,3316,3400,3450,3449.5,3395,3450,3395,3350,3390,3414.5,3395,3350,3295,3300,3292.5,3325,3300,3267.5,3295,3300,3350,3500,3495,3450,3495,3450,3400,3300
"60613","Chicago","IL","Chicago","Cook",24,,,,,,,,,,,,,,,,,,,,,,,,,,,,,,,,,,,,,,,,,,,,,,,,1397.5,1352.5,1375,1305,1350,1397.5,1395,1500,1550,1595,1695,1550,1495,1445,1445,1445,1455,1425,1485,1500,1575,1595,1450,1495,1460,1350,1395,1495,1475,1495,1475,1495,1595,1647.5,1645,1500,1540,1550
"11206","New York","NY","New York","Kings",25,,,,,,,,,,,,,,,,,,,,,,,,,,,,2200,2247.5,2225,2325,2299,2300,2400,2600,2600,2575,2599,2500,2520,2500,2500,2500,2500,2600,2600,2700,2700,2700,2700,2600,2600,2600,2600,2650,2700,2800,2700,2800,2800,2700,2799,2850,2850,2847.5,2785,2700,2750,2750,2700,2750,2800,2650,2750,2550,2550,2500,2550,2600,2649,2692.5,2700,2750,2700,2625
"10463","New York","NY","New York","Bronx",26,,,,,,,,,,,,,,,,,,,,,,,,,,,,,,,,,,,,,,,,,,,,,,,,1685,1700,1750,1675,1650,1750,1700,1800,1875,1850,1850,1850,1887.5,1800,1800,1800,1850,1850,1850,1925,1887.5,1895,1950,1795,1900,1972.5,1850,1847.5,2100,1950,2033.5,2000,2100,2195,2200,2100,2000,1998
"11230","New York","NY","New York","Kings",27,,,,,,,,,,,,,,,,,,,,,,,,,,,1450,1550,1437,1400,1400,1450,1450,1449.5,1475,1500,1525,1500,1550,1500,1500,1550,1575,1612.5,1600,1600,1600,1550,1537.5,1525,1550,1600,1650,1650,1700,1800,1800,1650,1700,1700,1700,1749,1750,1775,1800,1850,1800,1850,1800,1897.5,1900,1800,1700,1760,1795,1850,1875,1937.5,1950,1895,1900,1850,1737.5,1819,1850
"11209","New York","NY","New York","Kings",28,,,,,,,,,,,,,,,,1600,1500,1587.5,1600,1575,1550,1497.5,1700,1600,1700,1700,1600,1500,1525,1650,1650,1600,1550,1550,1600,1600,1600,1600,1600,1600,1600,1600,1600,1650,1700,1695,1675,1700,1700,1700,1700,1700,1700,1700,1750,1700,1750,1700,1800,1800,1825,1812.5,1850,1900,1912.5,1995,1932.5,1950,1950,1900,2000,1950,1912.5,1850,1900,1897.5,1985,1900,2000,1962.5,1950,1900,1850,1850,1849
"60625","Chicago","IL","Chicago","Cook",29,,,,,,,,,,995,1050,1065,1050,1012.5,1080,925,1050,1150,1185,1050,1100,1150,1340,1300,1295,1200,1200,1200,1197.5,1210,1165,1200,1150,1150,1250,1230,1175,1200,1200,1250,1200,1200,1200,1200,1200,1225,1300,1288,1288,1250,1200,1275,1200,1200,1275,1300,1295,1385,1399.5,1400,1300,1340,1350,1375,1395,1300,1350,1295,1325,1325,1330,1350,1300,1385,1395,1350,1350,1350,1375,1395,1395,1405,1450,1450,1450
"11212","New York","NY","New York","Kings",30,,,,,,,,,,,,,,,,,,,,,,,,1700,1650,1462.5,1425,1600,1500,1550,1625,1762.5,1800,1750,1650,1500,1500,1500,1500,1500,1500,1500,1475,1500,1532.5,1500,1500,1500,1500,1500,1500,1400,1420,1500,1600,1600,1650,1600,1600,1600,1600,1600,1700,1750,1700,1700,1725,1750,1800,1700,1650,1775,1700,1699.5,1700,1785,1792,1800,1900,1875,1850,1800,1800,1800,1850
"10024","New York","NY","New York","New York",31,,,,,2625,2600,2650,2600,2650,2925,2750,3050,3250,3150,3100,3000,3000,3000,3000,3000,3050,3100,3150,3200,3200,3250,3147.5,3100,3000,3000,3000,3068,3150,3100,3185,3250,3397,3299,3295,3250,3295,3300,3350,3300,3395,3435,3400,3350,3300,3350,3250,3225,3395,3385,3395,3145,3300,3344.5,3447.5,3487.5,3450,3400,3380,3375,3350,3400,3395,3385,3300,3225,3100,3250,3369,3350,3250,3200,3295,3150,3150,3185,3200,3200,3350,3297.5,3214.5
"07030","Hoboken","NJ","New York","Hudson",32,,,,,,,,,,,,,,,,,,,,,,,,,,,2400,2500,2650,2650,2650,2650,2675,2800,2775,2800,2650,2700,2700,2550,2500,2450,2500,2750,2650,2750,2750,2750,2700,2700,2600,2600,2600,2600,2700,2750,2699,2750,2825,2782.5,2750,2712.5,2600,2600,2750,2750,2750,2700,2750,2600,2700,2782.5,2750,2750,2525,2750,2700,2650,2650,2700,2750,2790,2800,2750,2750
"11214","New York","NY","New York","Kings",33,,,,,,,,,,,,,,,,,,,,,,,1469.5,1550,1600,1500,1400,1400,1395,1350,1350,1350,1350,1350,1400,1400,1420,1400,1437.5,1475,1500,1500,1450,1500,1500,1500,1500,1500,1525,1550,1500,1600,1650,1600,1645,1700,1662.5,1700,1745,1800,1800,1795,1722.5,1700,1722.5,1750,1800,1800,1750,1700,1850,1747.5,1800,1875,1750,1950,1895,1885,1800,1750,1900,1800,1850,1897,1899
"11229","New York","NY","New York","Kings",34,,,,,,,,,,,,,,,,,,,,,,,,,,,,,,1400,1400,1400,1425,1450,1397.5,1437.5,1500,1495,1495,1500,1525,1525,1525,1500,1500,1500,1550,1600,1550,1550,1550,1675,1662.5,1637.5,1650,1650,1600,1599,1600,1600,1700,1675,1700,1700,1750,1700,1695,1750,1650,1650,1600,1587,1650,1697,1750,1850,1850,1860,1875,1850,1800,1750,1825,1799.5,1750
"60619","Chicago","IL","Chicago","Cook",35,,,,,,,,,,,,,,,,,,,,,,900,975,832.5,900,800,825,750,750,725,750,760,750,810,810,800,760,720,700,730,735,727.5,730,695,685,720,700,750,850,800,750,799,875,900,975,975,850,850,849.5,850,900,950,950,950,950,975,1000,905,990,1000,950,977.5,910,922.5,975,1012,1000,999,1044,1044,1044,1044,1044,1044,1000
"90034","Los Angeles","CA","Los Angeles-Long Beach-Anaheim","Los Angeles",36,,,,,,,,,,,,,,,,,,,,,,,,,,,,,,,,,,,,,,,,,,,,,,,,,,,,,,,,,,,,,,,,,,,,,,,2310,1975,1850,1895,1850,1895,2095,2150,2125,1995,2275,2200,2200,2125,2272.5
"10458","New York","NY","New York","Bronx",37,,,,,,,,,,,,,,,,,,,,,,,,,,1400,1297,1287.5,1250,1250,1250,1400,1400,1400,1300,1285,1300,1300,1294.5,1250,1200,1200,1200,1225,1300,1300,1300,1300,1325,1385,1300,1275,1300,1300,1350,1400,1399.5,1495,1500,1495,1460,1400,1450,1400,1400,1400,1450,1400,1437.5,1462.5,1450,1512.5,1500,1500,1450,1550,1550,1600,1600,1600,1600,1600,1650,1622.5,1650
"11221","New York","NY","New York","Kings",38,,,,,1500,1500,1500,1599,1625,1600,1600,1625,1600,1500,1550,1525,1600,1600,1575,1600,1675,1700,1800,1712.5,1699,1700,1700,1700,1750,1750,1750,1850,1900,1950,2100,2248,2200,2200,2200,2200,2200,2200,2200,2200,2300,2300,2256,2250,2200,2200,2287.5,2300,2295,2300,2400,2500,2499,2499,2500,2499,2500,2500,2499,2499,2500,2400,2475,2490,2500,2500,2550,2500,2404.5,2500,2300,2399.5,2300,2350,2400,2499,2499,2499,2500,2499,2450
"11207","New York","NY","New York","Kings",39,,,,,,,,,,,,,,,,,1500,1600,1600,1700,1600,1600,1600,1600,1600,1600,1699,1750,1800,1800,1875,1900,1850,1850,1900,1995,1900,1800,1800,1800,1800,1800,1800,1850,1800,1950,2000,2099,2100,2099.5,2049.5,2200,2200,2195,2300,2400,2300,2300,2300,2400,2400,2400,2300,2300,2300,2274.5,2250,2200,2374.5,2300,2400,2500,2400,2300,2125,2100,2200,2200,2224.5,2224.5,2250,2300,2400,2400,2300
"10019","New York","NY","New York","New York",40,,,,2790,2700,2790,2785,2845,2850,2900,3055,3100,3100,3211,3200,3157.5,3100,3000,3100,3140,3196,3195,3195,3250,3325,3300,3300,3200,3200,3250,3257.5,3295,3300,3300,3300,3300,3322,3263,3229,3200,3221,3285,3300,3375,3400,3500,3500,3495,3450,3415.5,3500,3490,3500,3500,3500,3450,3450,3450,3450,3495,3400,3400,3400,3395,3500,3450,3500,3425,3345,3303.5,3350,3397.5,3397.5,3426.5,3391,3295,3395,3343.5,3395,3450,3495,3495,3477,3500,3350
"11377","New York","NY","New York","Queens",41,,,,,,,,,,,,,,,,1537.5,1700,1650,1550,1612.5,1650,1575,1562.5,1537.5,1550,1550,1650,1650,1600,1600,1650,1650,1650,1700,1700,1700,1695,1659,1700,1750,1750,1750,1750,1750,1750,1850,1800,1800,1850,1800,1825,1875,1875,1875,1871,1860,1900,1900,1920,1900,1900,1900,1900,1900,1950,1900,1875,1900,2000,1925,1950,1990,1975,1937.5,1875,1850,1800,1875,1900,1900,2012.5,2000,1997.5,2000,1950
"60610","Chicago","IL","Chicago","Cook",42,,,,1517,1582,1467.5,1495,1495,1575,1645,1650,1645,1640,1645,1750,1707,1694.5,1715,1745,1732.5,1740,1750,1776.5,1964.5,1790,1775,1740,1855,1773,1745,1753,1745,1750,1737.5,1750,1735,1745,1699,1725,1730,1750,1783,1798,1750,1858.5,1900,1877.5,1875,2027.5,1944,1975,1795,1995,1895,1895,1830,1814,1850,1882,1862.5,1850,1850,1871,1800,1995,1800,1750,1788,2000,1985,1900,1885,1895,1820,1874,1895,1964,2064,2207.5,2000,1950,2000,2030,1972.5,1919.5
"33025","Miramar","FL","Miami-Fort Lauderdale","Broward",43,,,,,,,,,,,,,,,1500,1500,1500,1450,1475,1485,1475,1500,1500,1450,1400,1450,1475,1500,1500,1495,1450,1450,1475,1375,1450,1400,1400,1400,1400,1425,1425,1450,1450,1525,1550,1450,1500,1437.5,1450,1450,1450,1500,1500,1485,1450,1500,1400,1400,1450,1375,1375,1400,1425,1500,1500,1550,1500,1475,1475,1470,1600,1500,1550,1550,1587.5,1600,1500,1600,1565,1590,1625,1600,1600,1600,1600
"02169","Quincy","MA","Boston","Norfolk",44,,,,,,,,,,,,,,,,,,,,,,,,,,,,,,1550,1500,1530,1525,1575,1516,1523,1500,1530,1500,1500,1500,1500,1500,1450,1495,1530,1600,1595,1595,1500,1516.5,1495,1550,1495,1550,1550,1550,1650,1700,1650,1750,1700,1800,1750,1750,1799,1762.5,1650,1800,1817,1675,1900,1750,1692.5,1665,1800,1721.5,1741,1650,1705,1750,1750,1777.5,1797.5,1797.5
"11234","New York","NY","New York","Kings",45,,,,,,,,,,,,,,,,,,,,,,,,,,,,,,,,,,,,,,,,,,,,,,,,,,,,,,,,,1900,1875,1937.5,2000,2000,1875,1800,1825,1800,1899,1825,2100,2000,1848,1900,1800,1800,2000,2000,1900,1900,1950,1900,1887.5,1850,1825,2000,2000,2200
"10453","New York","NY","New York","Bronx",46,,,,,,,,,,,,,,,,,,,,,,,,,,,,,,,,,,,,1312.5,1300,1300,1200,1250,1250,1250,1250,1250,1300,1350,1279,1279,1300,1300,1300,1300,1300,1295,1295,1295,1295,1400,1400,1412.5,1400,1475,1500,1500,1497.5,1495,1545,1472.5,1597.5,1550,1600,1499,1475,1550,1600,1500,1600,1650,1600,1587.5,1650,1600,1650,1650,1625
"11355","New York","NY","New York","Queens",47,,,,,,,,,,,,,,,,,,,,,,,,,,,1550,1550,1550,1550,1550,1550,1550,1550,1550,1550,1550,1550,1550,1550,1525,1550,1549.5,1600,1650,1600,1650,1600,1650,1600,1600,1650,1650,1672.5,1650,1675,1700,1700,1737.5,1750,1750,1750,1750,1700,1950,2000,1975,2090,1825,2045,1975,1772.5,1975,1750,2025,1800,1850,1750,1750,1800,1800,1900,1900,1900,1925
"60617","Chicago","IL","Chicago","Cook",48,,,,,,,,,,,,,,,,,,,,,,,,,,,,,862.5,950,885,912.5,950,950,950,900,900,900,810,875,875,810,875,970,950,950,875,900,950,975,1000,1000,1090,1000,1000,1000,1000,1100,1100,1100,1100,1100,1100,1000,1000,1000,1000,1100,1100,1100,1000,1100,1100,1000,1000,1097.5,1100,1000,1000,1000,1050,1044,1044,1044,1025
"11215","New York","NY","New York","Kings",49,,,,,,1900,1990,2225,2225,2400,2325,2500,2225,2300,2300,2497.5,2397.5,2400,2500,2462.5,2500,2575,2500,2600,2700,2500,2600,2600,2600,2500,2500,2597.5,2600,2595,2597.5,2600,2577,2562.5,2500,2500,2500,2500,2550,2700,2750,2750,2750,2550,2700,2700,2700,2700,2700,2700,2800,2900,3000,2900,2850,2800,2800,2800,2750,2750,2700,2700,2700,2700,2750,2695,2750,2800,2900,2720,2700,2797.5,2700,2700,2700,2700,2775,2750,2785,2700,2700
"60611","Chicago","IL","Chicago","Cook",50,,,,,,,,,,1830,1830,1850,1870,1907.5,1890,1870,1860,1845,2002.5,2065,2000,1970,1924,1950,1913,1890,1865,1892.5,1938.5,1913,1950,1965,2000,2025,1984.5,1928,1935,1890,1900,2025,2035,2150,2100,2185,2190,2233,2268,2210,2259,2310,2216.5,2198,2393,2378.5,2381,2421.5,2404.5,2378.5,2252.5,2504,2518.5,2580,2492.5,2490.5,2377,2225,2100,2320,2298,2135.5,2225,2095,2145,2086.5,2082.5,2095,2070,2215,2272.5,2169.5,2150,2252,2412,2240,2205
"10452","New York","NY","New York","Bronx",51,,,,,,,,,,,,,,,,,,,,,,,,,,,,,,,,,,,,,,,,,,,,,,,,,,,,,,,,,,,,,,,,,,,,,,,,1450,1450,1525,1500,1525,1550,1500,1495,1525,1506,1525,1537.5,1650,1790
"06010","Bristol","CT","Hartford","Hartford",52,,,,,,,,,,,,,,,,,,,,,,,,,,,,,,,,,,,,,,,,,,,,,,,,,,,,,,,,,,,,,,,,,,,,,,,950,900,900,897.5,900,925,950,900,950,975,937.5,950,1025,1000,987.5
"33009","Hallandale","FL","Miami-Fort Lauderdale","Broward",53,,,,,,,,,,,,,,,,,,,,,,,,,,,,,,,,,,,,,,,,,,1695,1695,1500,1495,1650,1600,1600,1600,1525,1575,1575,1700,1750,1495,1587.5,1575,1650,1575,1399,1425,1600,1695,1725,1497.5,1600,1400,1412.5,1562.5,1497.5,1587.5,1600,1612.5,1700,1585,1647.5,1587.5,1850,1850,1798,1772.5,1700,1750,1797.5,1800
"11211","New York","NY","New York","Kings",54,,,,,,,,,,,,,,2275,2395,2450,2525,2475,2550,2800,2860,3040,2895,2897.5,2850,2795,2700,2700,2800,2858.5,2899,2950,2985,3000,3000,3000,3000,3047.5,2950,2895,2900,2940,2995,3150,3200,3175,3198,3155,3150,3050,3000,2959,2900,2899,3000,3325,3325,3300,3299,3300,3150,3195,3195,3200,3199.5,2995,3012.5,3000,3000,2999,2950,3100,3250,3325,2900,2950,2900,2999,3000,3095,3063,3100,3093.5,3000,2950
"11385","New York","NY","New York","Queens",55,,,,,,,,,,,,,,,,,,,,1550,1725,1800,1500,1450,1400,1400,1450,1500,1500,1500,1500,1500,1550,1600,1600,1650,1700,1800,1750,1700,1692,1650,1700,1799,1700,1797.5,1800,1800,1837.5,1850,1900,1900,1900,2100,2100,2200,2200,2237.5,2150,2195,2100,2199.5,2300,2200,2400,2400,2400,2300,2400,2400,2400,2500,2300,2263.5,2200,2200,2250,2300,2344,2344,2399,2400,2500,2495,2400
"11373","New York","NY","New York","Queens",56,,,,,,,,,,,,,,,,,,,,,,,,1475,1400,1450,1450,1545,1437.5,1412.5,1425,1412.5,1450,1450,1467.5,1600,1600,1575,1600,1600,1600,1600,1600,1552.5,1597.5,1675,1615,1595,1695,1700,1700,1700,1695,1745,1750,1750,1750,1700,1750,1750,1750,1800,1850,1900,1935,1925,1900,1900,2000,2148,2228,1950,1917.5,1925,1700,1700,1950,1850,1900,1925,1825,1900,1827.5,1815,1810
"10468","New York","NY","New York","Bronx",57,,,,,,,,,,,,,,,,,,,,,,,,,,,1197.5,1200,1300,1350,1300,1300,1395,1300,1300,1300,1300,1275,1200,1245,1200,1200,1200,1225,1300,1275,1342.5,1345,1326,1300,1300,1350,1350,1300,1375,1400,1400,1400,1400,1450,1450,1450,1450,1425,1400,1400,1400,1395,1400,1500,1450,1495,1500,1482.5,1400,1450,1450,1475,1495,1500,1500,1550,1550,1597.5,1600
"02148","Malden","MA","Boston","Middlesex",58,,,,,,,,,,,,,,,,,,,,1320,1310,1195,1150,1260,1456,1428,1400,1295,1375,1325,1295,1350,1350,1350,1400,1411,1451,1486,1450,1495,1495,1495,1500,1500,1500,1511,1575,1700,1795,1695,1750,1700,1550,1500,1700,1500,1550,1500,1650,1700,1750,1750,1700,1662.5,1600,1600,1600,1597.5,1595,1850,1684,1850,1900,1900,1850,1750,1800,1640,1700,1800,1807.5,1840,1854.5,1982.5,1983
"60620","Chicago","IL","Chicago","Cook",59,,,,,,,,,,,,,,,,,,,,,,,,,,,,,,,,,,,,,,,,,,,,,850,900,950,875,950,975,900,900,900,977.5,950,1000,1000,1000,1100,1112.5,1100,1135,1095,1050,1000,1050,1050,995,1000,1020,1000,1070,1000,977.5,980,1150,1025,1050,1000,1000,1000,1000,1000,1010,1040
"10028","New York","NY","New York","New York",60,,,,2200,2300,2300,2350,2350,2350,2350,2395,2400,2437.5,2495,2437.5,2400,2400,2395,2395,2500,2500,2435,2495,2500,2600,2600,2550,2500,2495,2500,2550,2580,2592.5,2595,2550,2595,2650,2595,2595,2550,2575,2600,2600,2600,2650,2650,2595,2595,2600,2650,2625,2675,2650,2625,2700,2600,2650,2650,2695,2705,2699.5,2699,2600,2600,2625,2650,2650,2662.5,2600,2600,2595,2650,2600,2650,2600,2650,2700,2700,2650,2695,2745,2700,2700,2750,2625
"90019","Los Angeles","CA","Los Angeles-Long Beach-Anaheim","Los Angeles",61,,,,,,,,,,,,,,,,,,,,,,,,,,,,,,,,,,,,,,,,,,,,,,,,,,,,,,,,,,,,,,,,,,,,,,,,,,2400,2297.5,2575,2550,2672.5,2500,2300,2075,2295,2499.5,2500,2445
"98103","Seattle","WA","Seattle","King",62,,,,,,,,,,,,,,,,,,,,,,,,,,,,,,,,,,,,,,,,,,,,,,,,,,,,,,,,,,,,,1375,1495,1500,1500,1495,1695,1495,1672.5,1545,1495,1695,1550,1587.5,1625,1525,1495,1650,1495,1495,1595,1595,1624.5,1650,1662.5,1625
"11238","New York","NY","New York","Kings",63,,,,,,,,,,,,,2150,2000,2000,2150,2150,2095,2050,2061,2172.5,2300,2400,2400,2500,2126,2100,2325,2300,2443.5,2300,2500,2550,2600,2850,2695,2600,2500,2500,2500,2500,2400,2500,2600,2700,2700,2650,2650,2700,2650,2600,2650,2720,2700,2745,2895,2800,2700,2800,2795,2800,2700,2700,2750,2700,2679,2700,2700,2750,2700,2700,2750,2750,2795,2700,2700,2700,2671,2700,2753,2850,2850,2887,2900,2900
"11233","New York","NY","New York","Kings",64,,,,,,,,,,1500,1500,1500,1500,1450,1475,1550,1575,1650,1650,1650,1575,1550,1572.5,1600,1600,1600,1550,1550,1600,1650,1675,1700,1799,1825,1850,1900,1800,1850,1800,1800,1750,1750,1799,1900,1950,1900,1900,1900,1850,1950,1950,1995,1995,1950,2000,2200,2200,2200,2200,2195,2150,2100,2099,2100,2100,2150,2100,2100,2100,2216,2200,2200,2299,2250,2125,2200,2200,2199,2200,2250,2300,2299.5,2325,2250,2200
"07302","Jersey City","NJ","New York","Hudson",65,,,,,,,,,,,,,,,,,,,,,,,,,,,,,,,,,,,,,,,,,,,,,,,,,,,,,,,,,,2500,2770,2717.5,2500,2500,2450,2425,2550,2525,2450,2450,2425,2550,2425,2600,2650,2500,2400,2225,2450,2500,2500,2680,2750,2872.5,2567.5,2500,2525
"11236","New York","NY","New York","Kings",66,,,,,,,,,,,,,,,,,,,,,1947.5,1900,1775,1775,1700,1700,1625,1700,1600,1725,1725,1700,1700,1695,1672.5,1600,1600,1600,1695,1700,1600,1650,1625,1795,1772.5,1600,1600,1700,1725,1700,1725,1725,1725,1722.5,1725,1800,1800,1825,1800,1825,1850,1812.5,1800,1800,1800,1800,1750,1800,1800,1710,1800,1750,1800,1850,1800,1800,1800,1800,1925,1995,1987.5,2000,2000,1950,1900
"92109","San Diego","CA","San Diego","San Diego",67,,,,,,,,,,,,,,,,,,,,,,,,,,,,,,,,,,,,,,,,,,,,,1822.5,1675,1800,1625,1585,1575,1595,1495,1495,1550,1515,1512.5,1595,1595,1595,1725,1750,1597.5,1650,1775,1822.5,2150,1945,1842.5,1872.5,1750,1795,1650,1735,1750,1825,1795,1895,1847.5,1820,1962.5,1975,1900,1945,1850,1995
"10457","New York","NY","New York","Bronx",68,,,,,,,,,,,,,,,,,,,,,,,,,,,,,,,,,,,,,,,,,,,,,,,,,,,,,,,,,,,,,,,,,,,,,,,,,,1475,1400,1498,1575,1637.5,1637.5,1637.5,1625,1650,1600,1650,1650
"60626","Chicago","IL","Chicago","Cook",69,,,,,,,,,,,,,,,,,995,950,937.5,955,1037.5,1007.5,1000,875,995,1000,1050,980,1025,1095,985,1097.5,1095,1150,1062.5,975,995,995,1050,1025,1050,1050,1050,975,975,975,975,995,1000,1000,990,950,975,960,990,1000,1000,1000,1000,990,975,950,950,950,970,1050,1050,967.5,1000,1050,1150,1100,1075,1100,1195,1150,1100,1050,1025,1150,1150,1172.5,1062.5,1050,1195
"10027","New York","NY","New York","New York",70,,,,,,,,,,,,,,,,,,,,,,2500,2325,2295,2515,2500,2395,2299.5,2325,2297,2250,2300,2350,2495,2450,2450,2450,2400,2395,2400,2400,2400,2400,2450,2450,2600,2650,2550,2600,2595,2600,2600,2495,2500,2585,2600,2600,2612,2695,2672.5,2572.5,2542.5,2566,2500,2550,2525,2595,2697.5,2550,2690,2725,2700,2600,2662.5,2500,2700,2650,2650,2750,2868.5,2800,2795,2897,2700,2668
"11372","New York","NY","New York","Queens",71,,,,,,,,,,,,,,,,1450,1400,1450,1495,1525,1575,1550,1575,1525,1575,1650,1675,1650,1650,1650,1650,1650,1650,1700,1700,1700,1700,1700,1700,1700,1700,1750,1750,1750,1750,1750,1750,1750,1750,1750,1750,1750,1775,1750,1750,1750,1800,1800,1850,1850,1850,1850,1850,1850,1850,1850,1850,1750,1775,1800,1800,1800,1875,1825,1750,1900,1800,1800,1775,1800,1795,1800,1800,1837.5,1800
"60649","Chicago","IL","Chicago","Cook",72,,,,,,,,,,,,,,,,,,700,750,750,750,750,772.5,750,725,750,750,750,740,750,750,750,760,800,800,795,750,750,740,750,750,750,760,785,800,850,750,800,846,812.5,900,900,875,837.5,900,925,975,1000,950,1100,1100,1000,1000,1000,1000,1050,1050,1000,1000,1000,980,1000,1000,957.5,1100,980,1000,1044,1044,1044,1044,1044,1000,1044,1000
"33311","Fort Lauderdale","FL","Miami-Fort Lauderdale","Broward",73,,,,,,,,,,,,,,,,,,,,,,,,,,,,,,,,,,,,,,,,,,,,,,,,,,,,,,,,1200,1175,1070,1100,1200,1119,1100,1100,1200,1199,1236,1297,1299,1250,1250,1250,1272.5,1250,1200,1225,1175,1250,1299.5,1300,1250,1250,1225,1300,1172.5,1200
"11218","New York","NY","New York","Kings",74,,,,,,,,,,,,,,,,,,,,,,,,,,,,,,,,,,,,,,,,,,,,,,,,,,2150,2050,2000,2000,2050,2145,2285,2100,2200,2300,2400,2400,2400,2300,2295,2295,2200,2275,2200,2200,2200,2200,2200,2200,2300,2088,2195,2095,2000,2100,2162.5,2200,2200,2200,2250,2200
"33027","Miramar","FL","Miami-Fort Lauderdale","Broward",75,,,,,,,,,,,,,1725,1750,1737.5,1700,1700,1750,1700,1700,1700,1689,1700,1700,1787.5,1850,1825,1700,1700,1700,1700,1687.5,1800,1800,1800,1750,1700,1700,1750,1750,1790,1799,1800,1800,1810,1900,1900,1900,1850,1825,1850,1800,1855,1880,1750,1700,1715,1750,1800,1800,1825,1795,1800,1800,1800,1900,1800,1800,1750,1800,1800,1800,1925,1750,1825,1850,1750,1800,1850,1825,1900,1950,2000,2000,1950
"02155","Medford","MA","Boston","Middlesex",76,,,,,,,,,,,,,,,,,,,,,,,,,,,,,,,1500,1700,1797.5,1870,2000,2100,2000,1995,1975,1850,1800,1800,1945,1990,2000,2000,2090,2071,2015,1970,2000,1930,1900,1875,2100,2100,2225,2200,2200,2200,2015,2050,2100,2100,2100,2100,2015,2200,2350,2350,2200,2250,2300,2210,2007.5,2100,2140,2100,2350,2400,2500,2500,2450,2500,2500
"90025","Los Angeles","CA","Los Angeles-Long Beach-Anaheim","Los Angeles",77,,,,,,,,,,,,,,,,,,,,,,,,,,,,,,,,,,,,,,,,,,,,,,,,,,,2275,2497.5,2495,2262.5,2285,2350,2595,2472.5,2495,2650,2650,2275,2395,2395,2447.5,2422,2600,2597.5,2395,2510,2275,2150,2335,2495,2150,2497.5,2695,2695,2695,2445,2545,2600,2472.5,2295,2650
"10021","New York","NY","New York","New York",78,,,,,,,,,,,,2650,2697.5,2875,2750,2857.5,2857.5,2700,2650,2600,2600,2700,2795,2795,2800,2900,2899.5,2850,2850,2895,2850,2900,2875,2825,2850,2895,2950,2895,2850,2850,2900,2995,3000,3000,3000,2695,2700,2825,2825,2800,2850,2750,2897.5,2900,2950,2695,2800,2800,2950,2995,2850,2750,2897.5,2895,2880,2950,2937.5,2950,2750,2700,2900,2895,2895,2850,2750,2800,2850,2895,2800,2895,2799.5,2750,2795,2850,2795
"10701","Yonkers","NY","New York","Westchester",79,,,,,,,,,,,,,,,,,,,,,,,,,,,,,,1375,1337.5,1300,1290,1400,1493.5,1500,1500,1500,1400,1425,1450,1422.5,1450,1395,1370,1400,1400,1400,1450,1350,1350,1500,1600,1637.5,1612.5,1500,1500,1562.5,1600,1725,1750,1750,1699,1687,1650,1750,1625,1650,1646,1670,1650,1600,1750,1637.5,1735,1699.5,1797.5,1800,1800,1800,1800,1800,1750,1750,1706
"60616","Chicago","IL","Chicago","Cook",80,,,,,,,,,,,,,,,,,,,,,,,,,,,,,,,,,,,,,,,1650,1700,1835,1931.5,1815,1725,1835,1852,1851,1878,1935,1873,1754,1845.5,1808,1754,1797.5,1825,1818,1918.5,1933,1921,1846.5,2024,1938.5,1936,1938,1825,1750,1933,1812.5,1748,1750,1825,1750,1849,1775,1725,1933,1995,2082.5,1950,2005,2003.5,1993.5,1998,2008
"07087","Union City","NJ","New York","Hudson",81,,,,,,,,,,,,,,,,,,,,,,,,,,,,,,,,,,,,,,,,,,,,,,,,,,,1300,1275,1300,1350,1395,1412.5,1500,1500,1487.5,1495,1500,1575,1425,1495,1500,1597.5,1650,1690,1600,1650,1450,1650,1450,1487.5,1625,1395,1395,1450,1597.5,1425,1450,1600,1500,1495,1475
"60641","Chicago","IL","Chicago","Cook",82,,,,,,,,,,,,,,,,,,,,,,,,,,1000,950,950,975,897.5,912.5,900,1000,975,975,975,975,975,975,950,935,925,950,995,975,950,1082.5,1000,1050,1050,1050,1030,1050,1012.5,1050,1097.5,1100,1025,1075,1050,1000,1050,1037.5,975,1000,1150,1100,1175,1100,1190,1200,1200,1072.5,1125,995,1125,1200,1200,1212.5,1212.5,1200,1250,1195,1250,1100
"60622","Chicago","IL","Chicago","Cook",83,,,,,,,,,,,,,,,,,,,,,,,,,,,,,,,,,,,,,,,,,,,,,,,,,,,,,,,,1795,1850,1900,1850,1797.5,1850,1795,1850,1900,1800,1800,1900,1957.5,2000,1835,1800,1850,1750,1750,1799,1800,1800,1800,1885,2050,1900,1900,1895,1895,1875
"60660","Chicago","IL","Chicago","Cook",84,,,,,,787.5,850,850,850,825,827.5,810,812.5,850,850,865,850,850,895,917.5,890,895,895,900,900,905,905,850,950,987.5,900,950,950,975,975,975,950,950,950,975,975,975,1000,1000,995,975,955,975,995,1032.5,995,995,995,1000,975,985,995,975,995,992,995,995,995,995,995,1050,1097.5,980,942.5,950,1050,1050,1050,980,1025,1000,1137.5,1150,1200,1137.5,1225,1350,1350,1275,1347.5
"11225","New York","NY","New York","Kings",85,,,,,,,,,,,,,,,,,1650,1550,1650,1700,1600,1600,1650,1600,1600,1675,1650,1700,1700,1650,1675,1700,1800,1849,1900,2000,1900,1800,1750,1750,1799,1800,1822.5,1950,1950,2000,2000,2000,2000,1800,1950,2050,2195,2100,2100,2250,2195,2000,2200,2295,2295,2200,2200,2195,2200,2250,2250,2250,2300,2362.5,2100,2295,2250,2400,2150,2195,2200,2200,2200,2199,2200,2200,2200,2250,2237
"11204","New York","NY","New York","Kings",86,,,,,,,,,,,,,,,,,,,,,,,,,,,1400,1387.5,1325,1300,1337.5,1300,1350,1395,1395,1400,1400,1395,1400,1397.5,1400,1400,1400,1412.5,1450,1450,1500,1500,1490,1482.5,1500,1450,1500,1500,1500,1597.5,1500,1500,1600,1600,1600,1600,1600,1650,1700,1750,1600,1650,1795,1600,1625,1750,1725,1695,1590,1600,1650,1650,1745,1750,1730,1700,1700,1725,1650
"10032","New York","NY","New York","New York",87,,,,,,1510,1495,1475,1524.5,1625,1612.5,1650,1600,1630,1650,1650,1650,1650,1600,1600,1750,1700,1700,1700,1699,1650,1750,1750,1775,1700,1750,1762.5,1750,1795,1799.5,1800,1825,1825,1800,1800,1800,1800,1850,1900,1900,1900,1900,1950,1950,1900,1947.5,1950,1900,1925,1950,1962.5,1995,2000,2100,2000,1995,1995,2000,1995,2000,2000,2000,2000,1950,1950,1999,1950,1900,2100,1995,2183.5,2095,2100,2195,2195,2200,2299,2185,2095,2085
"11219","New York","NY","New York","Kings",88,,,,,,,,,,,,,,,,,,,,,,,,,,,,,,,,,,,,,,,,,,,,,,,,,,,,,,,,,,,,,,,,,,,,,,,,,,2200,2200,2200,2078,2078,2000,2000,1999,1899,1900,1950,1999
"11213","New York","NY","New York","Kings",89,,,,,,,,,,,,,,,,,1600,1600,1600,1700,1700,1442.5,1400,1650,1675,1650,1650,1695,1699.5,1675,1712.5,1700,1799,1750,1800,1800,1950,2000,1900,1975,1800,1800,1800,1999,2000,1999,2000,2000,1999,2197,2000,1950,1900,1965,2100,2400,2300,2250,2300,2300,2300,2200,2200,2200,2100,2100,2100,2200,2290,2200,2250,2200,2250,2200,2100,2092.5,2000,2030,2080,2099,2175,2200,2200,2200,2199.5
"11368","New York","NY","New York","Queens",90,,,,,,,,,,,,,,,,,,,,,,,,,,,,,,,,,,,,,,,,,,,,,,,,,,,,,,,,,,,,,,1706,1800,1850,1825,1715,1900,1825,1775,1875,1900,2200,2065,2030,2000,1935,1770,1810,1847.5,1842.5,1995,1975,1846,1846,1848
"92104","San Diego","CA","San Diego","San Diego",91,,,,,,,,,,,,,,,,,,,,,,,,,,,,,,,,,,,,,,,,,,,,,,,,,,,,,,,,,,,,,,,,,,,,,,1450,1397.5,1495,1475,1350,1450,1450,1600,1550,1595,1595,1599.5,1595,1600,1595,1587.5
"11203","New York","NY","New York","Kings",92,,,,,,,,,,,,,,,,,,,,,,,,,,,,,,,,2600,2500,2200,2295,2000,1800,1775,1800,1795,1700,1695,1650,1875,1900,1600,1500,1500,1500,1650,1625,1650,1650,1700,1800,1750,1700,1750,1795,1750,1797,1800,1800,1895,1850,1800,1800,1800,1800,1800,1700,1899,1800,1900,1699.5,1850,2000,1900,1999,1999,2000,2000,2200,2000,1900
"10031","New York","NY","New York","New York",93,,,,,,,,,,,1712.5,1737.5,1785,1799.5,1850,1850,1795,1825,1750,1700,1795,1950,1875,1850,1895,1950,1962.5,1900,1900,1862.5,1950,1995,1995,2000,2000,2100,2150,2100,2050,2100,2050,2000,2100,2150,2195,2250,2250,2072.5,2195,2250,2259,2250,2300,2295,2250,2250,2300,2350,2382.5,2400,2295,2325,2400,2400,2400,2500,2405,2300,2200,2250,2334.5,2387.5,2300,2400,2300,2400,2400,2350,2400,2400,2480,2439.5,2400,2500,2400
"11220","New York","NY","New York","Kings",94,,,,,,,,,,,,,,,,,,,,,,,,1600,1525,1425,1550,1625,1655,1500,1600,1650,1680,1660,1680,1700,1700,1750,1700,1660,1650,1655,1675,1700,1750,1800,1800,1800,1750,1799,1750,1700,1700,1750,2000,2000,1900,1950,1925,1900,1850,1862.5,1900,1900,1900,1995,1950,1900,2000,2000,1900,2000,1995,2100,1850,2000,2000,2000,1999.5,2000,2100,2100,2050,2000,1972.5
"60637","Chicago","IL","Chicago","Cook",95,,,,,,,,,,,992,1001,1000,1050,1050,1055,1095,1100,1075,1100,1100,1100,1100,950,900,850,920,1074.5,1000,1000,1002.5,1085,1000,1053.5,1100,1050,1000,1050,1050,1000,1000,1000,1062,1100,1096,1050,1032,1100,1112.5,1100,1100,1100,1100,1150,1150,1150,1100,1100,1100,1200,1150,1150,1150,1150,1150,1172.5,1200,1150,1150,1150,1100,1050,1095,1100,1100,1075,1100,1100,1100,1087.5,1044,1150,1150,1150,1150
"11216","New York","NY","New York","Kings",96,,,,,,,,,,,,,,,,,,,,,,,,2345,1970,1900,1800,1800,1875,1900,1995,2000,2150,2200,2250,2200,2200,2150,2199,2150,2200,2200,2200,2250,2300,2300,2350,2350,2300,2300,2350,2200,2350,2400,2499,2495,2495,2495,2500,2495,2495,2450,2400,2450,2400,2400,2410,2400,2500,2495,2460,2503.5,2400,2500,2250,2395,2400,2400,2400,2400,2400,2450,2500,2450,2375
"33015","Country Club","FL","Miami-Fort Lauderdale","Miami-Dade",97,,,,,,,,,,,,,,,,,,,,,,,,,,,,,,,,,,,,,,,,,,,,,,,,,,,,,,,,,,,,,,,,,,,,,,,1450,1412.5,1475,1437.5,1475,1495,1490,1450,1400,1450,1462.5,1500,1462.5,1450,1450
"33141","Miami Beach","FL","Miami-Fort Lauderdale","Miami-Dade",98,,,,,,,,,,,,,,,,,,,,,,,,,,,,,,,,,,,,,,,,,,,,,,,,,,,,,,,,,,,,,,,,,,,,,,1775,1900,1700,1950,1975,1950,1873,1775,1787,1740,1811,1850,1837.5,1850,1862.5,1875
"60608","Chicago","IL","Chicago","Cook",99,,,,,,,,,,,,,,,,,,,,,,,,,,,,,,,,,,,,,,,,,,,,,,,,,,,,,,,,,,,,,,,,,,,,,,,,,1300,1275,1295,1372.5,1355,1350,1300,1397.5,1400,1400,1400,1400,1375
"10014","New York","NY","New York","New York",100,,,2825,3000,3000,2850,2850,2997.5,3095,3000,2995,3000,3000,3200,3200,3030,3121.5,3295,3295,3350,3350,3300,3200,3395,3400,3495,3300,3295,3200,3200,3215,3300,3312.5,3395,3400,3495,3495,3500,3515,3550,3595,3525,3500,3500,3500,3495,3500,3500,3500,3500,3472.5,3485,3500,3547.5,3600,3600,3600,3600,3650,3600,3695,3572.5,3600,3600,3650,3645,3570,3650,3597.5,3600,3695,3532.5,3595,3500,3500,3500,3500,3497.5,3550,3695,3750,3795,3750,3650,3560
"90036","Los Angeles","CA","Los Angeles-Long Beach-Anaheim","Los Angeles",101,,,,,,,,,,,,,,,,,,,,,,,,,,,,,,,,,,,,,,,,,,,,,,,,,,,,,,,,,,,,,,,,,,,,,,,2595,2400,2395,2500,2400,2525,2625,2597.5,2622.5,2695,2700,2695,2695,2797.5,2795
"33021","Hollywood","FL","Miami-Fort Lauderdale","Broward",102,,,,,,,,,,,,,,,,,,,,,,,,,,,,,,,,,,,,,,,,,,,,,,,,,,,,,,,,,,,,,,,,,,,,,,,,,,1400,1400,1350,1337.5,1350,1400,1425,1400,1337.5,1375,1400,1400
"33324","Plantation","FL","Miami-Fort Lauderdale","Broward",103,,,,,,,,,,,,,,,,,,,,,,,,,,,,,,,,,,,,,,,,,,,,,,,,,,,,,,,,,,,,,,,,,,,,,,,,,,1500,1425,1475,1450,1575,1500,1500,1497.5,1500,1500,1500,1500
"06511","New Haven","CT","New Haven","New Haven",104,,,,,,,,,1150,1175,1125,1100,1150,1100,1100,1195,1200,1185,1200,1212.5,1212.5,1200,1200,1150,1100,1050,1100,1025,1100,1200,1250,1300,1200,1250,1250,1200,1200,1195,1195,1095,1050,1100,1112.5,1195,1195,1195,1195,1200,1200,1200,1175,1150,1150,1195,1200,1212.5,1250,1250,1250,1200,1200,1195,1200,1197.5,1200,1200,1250,1200,1195,1250,1275,1150,1200,1195,1200,1200,1295,1375,1400,1350,1295,1250,1250,1195,1150
"11354","New York","NY","New York","Queens",105,,,,,,,,,,,,,,,,1625,1600,1550,1500,1402.5,1425,1485,1430,1500,1500,1550,1572.5,1550,1595,1550,1595,1597.5,1600,1650,1700,1650,1600,1600,1650,1650,1650,1650,1650,1650,1650,1650,1650,1650,1650,1650,1650,1650,1672.5,1650,1650,1650,1675,1700,1750,1750,1750,1700,1700,1750,1825,1800,1750,1800,1950,1800,1875,1925,1999.5,2200,1950,2200,1950,1937.5,2100,2200,2150,2200,2250,2200,2108
"19104","Philadelphia","PA","Philadelphia","Philadelphia",106,,,,,,,,,,,,,,,,,,,,,,,,,,,,,,,,,,,,,,,,,,,,,,,,,,,,,,985,1092.5,1149,1200,1237.5,1067,995,997.5,1072.5,1200,1195,1200,1262.5,1200,1300,1250,1195,1195,1050,1184.5,1225,1260,1172,1225,1200,1172,1262.5,1295,1207.5,1215,1200,1150
"02135","Boston","MA","Boston","Suffolk",107,,,,,,,,,,,,,,,,,,,,,,,,,,,1875,1850,1900,1900,1895,1875,1895,1900,1899.5,1925,1975,1902,1925,1950,1975,1995,2000,2000,1995,1995,1995,1975,1950,1950,1970,2000,2000,2000,2000,2050,2050,2050,2050,2085,2095,2043,2100,2050,2200,2300,2250,2350,2550,2300,2400,2500,2500,2200,2100,2100,2250,2400,2500,2500,2500,2500,2500,2500,2400
"10466","New York","NY","New York","Bronx",108,,,,,,,,,,,,,,,,,,,,,,,,,,,,,,,,,,,,,1350,1150,1150,1200,1200,1200,1200,1300,1300,1250,1250,1250,1350,1300,1300,1350,1400,1300,1362.5,1350,1350,1350,1400,1395,1395,1397.5,1400,1450,1450,1450,1450,1350,1450,1450,1450,1450,1395,1372.5,1400,1400,1400,1450,1450,1450,1500,1525,1550,1550,1575
"11374","New York","NY","New York","Queens",109,,,,,,,,,,,,,,,,,,,,,1725,1787.5,1724.5,1600,1595,1650,1712.5,1650,1725,1712.5,1700,1750,1744,1750,1800,1800,1800,1800,1800,1775,1800,1775,1800,1925,1825,1897.5,1900,1950,1900,1900,1900,1900,1950,1950,1950,1900,2000,2090,2100,2100,2150,2150,2195,2250,2200,2150,2125,2282.5,2000,2150,2200,2000,2037.5,2000,1850,1950,2025,1925,1875,1950,1912.5,1993,2100,2000,2050
"10472","New York","NY","New York","Bronx",110,,,,,,,,,,,,,,,,,,,,,,,,,,,,,,,,,,,,,,,,,,,,,,,,,,,,,,,,,,,,,,,,,,,,,,,,,,1450,1400,1475,1500,1497.5,1495,1550,1600,1625,1500,1650,1575
"10473","New York","NY","New York","Bronx",111,,,,,,,,,,,,,,,,,,,,,,,,,,,,,,,,,,,,,,,,,,,,,,,,,,,,,,,,,,,,,,,,,,,,,,,1603,1600,1650,1650,1625,1795,1825,1900,1900,1700,1825,1700,1686.5,1700,1703
"11210","New York","NY","New York","Kings",112,,,,,,,,,,,,,,,,,,,,,,,,,,,,,,1450,1500,1549.5,1425,1350,1300,1400,1400,1400,1400,1400,1400,1400,1400,1400,1495,1515,1500,1450,1400,1450,1450,1500,1450,1500,1550,1700,1800,1795,1799.5,1750,1750,1800,1875,1900,1800,1750,1800,1695,1700,1700,1700,1849,1800,1950,1795,1800,1750,1775,1800,1799,1799,1799.5,1750,1800,1800
"10033","New York","NY","New York","New York",113,,,,,,,1525,1495,1495,1485,1550,1525,1475,1550,1550,1525,1550,1550,1550,1550,1725,1700,1800,1800,1767.5,1750,1772.5,1700,1700,1700,1725,1750,1725,1797.5,1800,1800,1795,1750,1750,1800,1775,1795,1800,1825,1862.5,1950,1950,1950,2000,1995,2000,2000,2000,2000,2000,2000,2100,2174.5,2212.5,2100,2100,2097,2012.5,2050,2150,2195,2150,2162.5,2025,2100,2362.5,2237.5,2195,2150,2033.5,2275,2250,2292,2195,2200,2175,2200,2200,2150,2200
"10036","New York","NY","New York","New York",114,,,,,,,,,,,,,,,,,,3200,3270,3200,3190,3200,3199.5,3200,3200,3200,3182.5,3150,3100,3135,3190,3197.5,3200,3200,3200,3200,3235,3200,3200,3195,3200,3200,3200,3250,3400,3300,3287,3295,3390,3327.5,3350,3375,3478.5,3450,3495,3250,3250,3195,3395,3250,3195,3065,3000,3020,3160,3195,3217.5,3250,3195,3200,3152,3250,3088,3426,3030,3125,3225,3127,3080,3231,3250,3250,3250,3277.5,3250
"33065","Coral Springs","FL","Miami-Fort Lauderdale","Broward",115,,,,,,,,,,,,,,,,,,,,,,,,,,,,,,,,,,,,,,,,,,,,,,,,,,,,,,,,,,,,,,,,,,,,,,1300,1322.5,1200,1270,1300,1300,1300,1300,1362.5,1350,1350,1375,1350,1425,1400,1425
"10010","New York","NY","New York","New York",116,,,,,3050,2812.5,2925,2995,3100,3095,3100,3295,3250,3337.5,3250,3200,3250,3149.5,3150,3300,3400,3500,3410,3350,3300,3395,3295,3300,3395,3350,3395,3370,3395,3370,3350,3450,3480,3400,3400,3400,3400,3400,3395,3400,3450,3500,3485.5,3600,3650,3595,3650,3500,3500,3500,3631.5,3495,3500,3582.5,3595,3644,3610,3600,3595,3600,3600,3600,3587.5,3795,3765,3562.5,3600,3500,3595,3650,3610,3587.5,3650,3600,3723,3700,3700,3700,3750,3700,3595
"76549","Killeen","TX","Killeen","Bell",117,,,,,,,,,,,622,595,600,625,639.5,630,649,649.5,685,750,650,649.5,650,650,677.5,660,725,750,625,659.5,660,690,695,695,725,775,750,707.5,707.5,720,750,750,750,750,795,750,795,795,795,800,795,795,792.5,795,795,777.5,775,775,790,800,795,782.5,790,795,795,775,775,775,775,775,735,775,750,725,795,750,750,750,795,795,785,770,745,695,750
"19103","Philadelphia","PA","Philadelphia","Philadelphia",118,,,,,,,,,,,,,,,,,,,,,,,,,,,,,,,,,,,,,,,,,,,,,,,,,,,,,,,,,,,,,,,,,,,,,,,,1795,1995,1700,1900,1920,1957.5,1850,1775,1850,1765,1797.5,1850,1750,1935
"33178","Doral","FL","Miami-Fort Lauderdale","Miami-Dade",119,,,,,,,,,,2000,2100,2050,2050,2000,2100,2100,2050,2000,2000,2000,2000,2000,2100,2200,2100,2100,2200,2100,2100,2100,2100,1900,1900,1900,2000,2050,1975,1850,1900,2000,2062.5,2050,2050,2100,2100,2100,2200,2150,2062.5,2037.5,2225,2375,2300,2000,1950,2000,1899,1875,1950,1912.5,1962.5,2000,2000,2050,2100,2075,2200,2245,2000,2200,2290,2195,2050,2300,2200,2100,2150,2150,2100,2172.5,2200,2200,2200,2250,2300
"10461","New York","NY","New York","Bronx",120,,,,,,,,,,,,,,,,,,,,,,,,,,,,,,1600,1400,1400,1450,1490,1500,1525,1500,1300,1400,1350,1350,1300,1325,1300,1300,1300,1300,1300,1300,1400,1491.5,1500,1450,1300,1300,1400,1525,1500,1500,1500,1475,1450,1500,1500,1500,1500,1500,1497.5,1500,1675,1497.5,1500,1700,1812.5,1500,1525,1600,1849.5,1750,1750,1750,1748.5,1750,1750,1750
"90813","Long Beach","CA","Los Angeles-Long Beach-Anaheim","Los Angeles",121,,,,,,,,,,,,,,,,,,,,,,,,,,,,,,,,,,,,,,,,,,,,,,,,,,,,,,,,,,,,,,,,,,,,,,,,,,995,1100,1195,1195,1195,1162.5,1195,1275,1250,1250,1200,1250
"11106","New York","NY","New York","New York",122,,,,,,,,,,,,,,,,,,,,,1825,1750,1750,1800,1950,1850,1800,1862.5,1872.5,1925,1837.5,1900,1862,2000,2090,2100,2100,2000,2000,1950,2000,2050,2087,2100,2100,2100,2091,2100,2150,2150,2197.5,2145,2100,2100,2100,2150,2195,2195,2200,2100,2150,2200,2200,2200,2200,2250,2200,2195,2250,2250,2300,2100,2100,2250,2197.5,2200,2100,2100,2100,2150,2100,2195,2164.5,2200,2095
"33180","Aventura","FL","Miami-Fort Lauderdale","Miami-Dade",123,,,,,,,,,,,,,,,,,,,,,,,,,,,,,1800,1950,2050,2250,2000,2200,2350,2485,2275,2200,2400,2450,2485,2500,2500,2500,2500,2650,2650,2600,2662.5,2750,2500,2500,2500,2500,2450,2400,2350,2400,2472.5,2500,2500,2450,2400,2490,2495,2437.5,2500,2400,2437.5,2350,2300,2250,2300,2300,2275,2250,2275,2400,2425,2450,2500,2500,2500,2500,2400
"10022","New York","NY","New York","New York",124,,,,,2900,2950,2800,3000,3150,3250,3100,3025,3050,3250,3200,3100,3100,3100,2825,3025,2900,2900,2900,3000,3200,3200,3200,3150,3199.5,3150,3195,3192.5,3100,3195,3150,3150,3200,3150,3200,3200,3250,3275,3250,3300,3350,3250,3375,3300,3300,3200,3095,3200,3399.5,3500,3595,3300,3450,3450,3500,3395,3275,3200,3295,3272,3200,3400,3400,3400,3185,3175,3295,3400,3325,3500,3425,3350,3310.5,3300,3300,3400,3500,3397.5,3250,3300,3350
"11432","New York","NY","New York","Queens",125,,,,,,,,,,,,,,,,,,,,,,,,,,,1575,1500,1650,1575,1475,1512.5,1587.5,1625,1587.5,1500,1550,1500,1500,1450,1475,1500,1525,1575,1650,1568,1602,1550,1600,1600,1575,1550,1600,1650,1697.5,1650,1697,1600,1650,1725,1795,1650,1700,1650,1650,1750,1795,1650,1795,2000,1872.5,1650,1750,1833,1795,1850,1825,1862.5,2010,2047,2168,2341.5,2200,1985,1895
"02124","Boston","MA","Boston","Suffolk",126,,,,,,,,,,,,,,,,,,,,,,,,,,,,,,,,,,,,,,,,,,,,,2100,2000,2020,2200,1850,1800,1800,1850,1850,1830,1807.5,1900,2000,1950,2025,2000,1850,1800,1850,1850,1850,1900,1900,1850,2050,2055,2000,1950,1975,1975,1995,2100,1850,1900,2000,2025,2150,2115,2140,2100,2100
"11222","New York","NY","New York","Kings",127,,,,,,,,,,,,,,,,,,,,,,2600,2725,2450,2400,2000,2250,2400,2400,2400,2700,2675,2700,2800,2850,2800,2800,2800,2700,2600,2600,2600,2700,2950,2950,2800,2850,2815,2900,2849,2800,2798,2795,2700,2849,2995,2915,2861,2900,2915,2940.5,2800,2800,2700,2750,2750,2897.5,2800,2900,2950,2850,2895,2895,2850,2697.5,2790,2759.5,2750,2777.5,2799,2899,2899,2800,2849,2750
"59101","Billings","MT","Billings","Yellowstone",128,,,,,,,,,,,,,,,,,,,,,,,,,,,,,,,,,,,,,,,,,550,585,575,575,575,525,550,575,595,595,595,590,595,612.5,625,600,595,607.5,595,625,625,650,595,595,595,595,592.5,595,550,575,595,640,585,550,550,575,595,590,580,590,620,595,595,595,595
"10065","New York","NY","New York","New York",129,,,,,,,3300,3195,3225,3195,3200,3300,3600,3195,3000,3000,3050,3172.5,3000,3295,3300,3425,3495,3400,3500,3425,3500,3450,3425,3500,3600,3500,3500,3450,3500,3495,3500,3495,3450,3400,3495,3500,3500,3412.5,3600,3500,3450,3200,3295,3495,3450,3400,3595,3500,3500,3450,3495,3500,3495,3495,3495,3500,3450,3495,3450,3490,3695,3295,3200,3272.5,3200,3200,3395,3284,3297.5,3350,3450,3295,3299,3249.5,3295,3498,3000,3225,3200
"10040","New York","NY","New York","New York",130,,,,,,1385,1415,1350,1300,1300,1400,1450,1350,1350,1296,1250,1325,1325,1375,1300,1325,1350,1462.5,1400,1450,1400,1413.5,1395,1375,1400,1450,1450,1475,1487.5,1458,1500,1500,1500,1495,1500,1500,1500,1500,1500,1549.5,1600,1700,1675,1700,1650,1650,1650,1700,1695,1675,1700,1700,1685,1675,1750,1700,1685,1650,1650,1625,1625,1625,1650,1650,1700,1850,1625,1612.5,1650,1625,1773,1750,1700,1725,1850,1850,1887.5,1800,1800,1800
"60605","Chicago","IL","Chicago","Cook",131,,,,,1683.5,1644,1775,1811,1799,1854,1749,1946.5,1961,2010,1832,1775,1717,1814,1985,2100,2103.5,1895,1916,1830,1752.5,1843,1900,1903.5,2020,1961,2017,1950,1900,1922,1861.5,1785,1865.5,1900,1970.5,1900,1900,1898,1890,1889,1970,2000,2055,2000,1915,1979,1969.5,1979,2035,1905,1910,1918.5,1952,2000,1906,1940,1920,2011,1979,2000,1921,1914,1830.5,1862,1888,1955,1987,1895,1901.5,1969.5,1795,1950,1922,1981,1997,2001,2001,2001,2052.5,1997,2021
"11101","New York","NY","New York","Queens",132,,,,,,,,,,,,,,,,,,,,,,,,,,2200,2525,2500,2500,2597.5,2501.5,2600,2700,2650,2615,2625,2600,2600,2600,2595,2598,2600,2620,2650,2700,2630,2600,2600,2600,2677,2690,2650,2697.5,2725,2725,2785,2751,2700,2743.5,2700,2695,2700,2700,2650,2672,2685,2672,2730,2700,2743,2750,2784.5,2715,2767,2615,2720,2650,2650,2625,2610,2650,2763.5,2799,2788.5,2797.5
"60645","Chicago","IL","Chicago","Cook",133,,,,,,,,,,,,,,,,,,,,,,,,1125,997.5,950,1075,1075,1095,1100,1100,1150,1100,975,995,997.5,975,995,995,995,985,1007.5,1015,995,1000,1100,1137.5,1125,1100,1095,1112.5,1050,1025,1050,1112.5,1100,1095,1120,1062.5,1095,1125,1250,1300,1300,1300,1285,1272.5,1250,1095,1150,1100,1140,1135,1100,1150,1250,1300,1325,1325,1325,1325,1300,1250,1250,1225
"11561","Long Beach","NY","New York","Nassau",134,,,,,,,,,,,,,,,,,,,,,,,,2200,2000,2150,2000,1950,1997.5,2100,2100,2100,2150,2000,2100,2000,1962.5,1900,1850,1800,1800,1800,1850,1965,2000,2050,2100,2100,2000,2000,2080,2050,2175,2100,2290,2325,2450,2600,2300,2300,2200,2200,2200,2200,2300,2400,2300,2300,2290,2000,2000,1980,2300,2175,2300,2495,2472.5,2550,2600,2700,2500,2300,2200,2245,2200
"06790","Torrington","CT","Torrington","Litchfield",135,,,,,,,,,,,,,775,775,775,750,775,775,750,750,750,750,700,775,775,750,737.5,750,795,775,795,800,782.5,750,750,750,775,797.5,795,780,775,775,775,775,775,800,800,800,800,785,797.5,775,795,795,775,775,795,800,825,825,812.5,850,850,825,825,825,800,800,800,800,800,837.5,850,825,825,800,800,800,825,800,800,837.5,825,800,800
"11205","New York","NY","New York","Kings",136,,,,,,,,,,,,,,,,,,,,,,,,,,,,,,,,,,,,,,,,,,,,,,,,,,,,,,2995,2899,3100,3100,2899.5,2850,2795,2746,2700,2700,2750,2850,2800,2800,2782,2795,2899,2800,2800,2850,2797,2600,2660,2675,2697,2700,2750,2797.5,2799,2792,2700,2700
"33134","Coral Gables","FL","Miami-Fort Lauderdale","Miami-Dade",137,,,,,,,,,,,,,,,,,,,,,,,,,,,,,,,,,,,,,,,,,2350,2300,2350,2250,2200,2300,2375,2300,2300,1990,2175,2000,2225,2212.5,2325,2400,2300,2300,2350,2400,2300,2325,2300,2325,2300,2350,2350,2350,2300,2200,2175,2195,2400,2350,1995,1900,1920,1920,1999.5,2175,2087.5,1925,1900,2000,2025
"85716","Tucson","AZ","Tucson","Pima",138,,,,,,,,,,,,,,,,,,,,,,,,,,,,,,,,,,,,,,,,,,,,,,,,,,,,,,,,,,,,,,,,,,,,,,,,,575,575,595,600,597.5,637.5,637.5,637.5,610,695,645,600,595
"94103","San Francisco","CA","San Francisco","San Francisco",139,,,,,,,,,,,,,,,,,,,,,,,,,,,,,,,,,,,,,,,,,,,,,,,,,,,,,,,,,,,,,,,,,,,,,,,,,,2700,2790,3195,3497.5,3700,3600,3742,3872.5,3895,3597.5,3395,3497.5
"11435","New York","NY","New York","Queens",140,,,,,,,,,,,,,,,,,,,,,,,,,,1500,1600,1550,1487.5,1387,1450,1362.5,1400,1400,1395,1375,1375,1375,1400,1400,1450,1450,1450,1450,1495,1550,1575,1650,1750,1602.5,1675,1650,1598,1598,1600,1650,1775,1750,1775,1775,1699,1735,1750,1750,1750,1750,1749.5,1800,1725,1750,1750,1800,1725,1695,1695,1700,1700,1750,1749,1775,1800,1799,1850,1850,1850
"02127","Boston","MA","Boston","Suffolk",141,,,,,,,,,,,,,,,,,,,,,2542,2514,2650,2772.5,2492,2600,2585,2500,2405,2400,2585,2800,2897.5,2925,2800,2795,2750,2650,2760,2800,2750,2725,2752.5,2800,2800,2800,2700,2600,2595,2637.5,2600,2650,2650,2721,2700,2650,2800,2775,2712.5,2775,2650,2650,2650,2650,2738,2800,2800,2850,2700,2800,2800,2800,2853,2900,2775,2800,3000,3000,3025,3000,3025,3000,2995,3000,2912.5
"10034","New York","NY","New York","New York",142,,,,,,,,,,,,,,,,,,1450,1450,1425,1350,1450,1522,1450,1375,1350,1450,1450,1495,1495,1450,1450,1495,1475,1450,1450,1475,1450,1450,1450,1475,1475,1495,1550,1595,1606,1650,1650,1650,1650,1600,1650,1650,1600,1650,1662.5,1700,1762.5,1695,1695,1712.5,1700,1772.5,1750,1700,1700,1650,1700,1700,1750,1695,1600,1695,1675,1695,1695,1750,1775,1795,1855,1825,1825,1825,1812.5,1800
"11217","New York","NY","New York","Kings",143,,,,,,,,,,,2425,2400,2400,2599,2450,2450,2500,2500,2525,2550,2525,2671,2500,2700,2500,2500,2697,2675,2800,2800,2799.5,2900,2750,2900,2925,2900,2895,2900,2795,2775,2700,2712.5,2800,2990,2950,2900,2900,3070,3200,2861,2900,2875,2950,2914,2914,2980,2900,2900,2950,2950,2950,2900,2872.5,2900,2850,2900,2950,2900,3100,3000,2999,3000,2900,2978,2900,2750,2800,2900,2900,2995,3000,3076.5,3075,3100,3000
"33130","Miami","FL","Miami-Fort Lauderdale","Miami-Dade",144,,,,,,,,,,,,,,,,,,,,,,,,,,,,,,,,,,2490,2500,2400,2225,2150,2300,2300,2350,2350,2400,2400,2100,2200,2075,2300,2300,2200,2000,2075,2200,2000,2100,2100,2150,2200,2350,2200,2100,2300,2300,2350,2400,2412.5,2267.5,2225,2350,2200,2100,2150,2300,2350,2285,2400,2400,2400,2400,2500,2500,2450,2450,2449.5,2400
"02472","Watertown","MA","Boston","Middlesex",145,,,,,,,,,,,,,,,,,,1800,1750,2000,1950,1800,1800,1900,1800,1800,1825,1800,1800,1800,1850,1800,1900,1800,1950,1950,1900,1900,1850,1850,1850,1900,1900,2000,2050,2195,2100,2050,1950,1925,2000,1975,2050,2000,2200,2104,2150,2200,2150,2195,2100,2100,2100,2200,2200,2200,2200,2100,2104,2150,2150,2100,2100,2200,2125,2100,2300,2395,2425,2325,2325,2350,2350,2300,2250
"12601","Town of Poughkeepsie","NY","New York","Dutchess",146,,,,,,,,,,,,,,,,,,,,,,,900,900,950,950,900,887.5,897.5,950,1000,950,950,850,850,875,900,850,950,950,950,950,950,1000,1024.5,1024.5,950,1000,1050,975,1000,1000,1050,1050,1000,1050,1050,1100,1050,1072.5,1050,1037.5,1012.5,1100,1100,1100,1100,1095,1150,1050,1125,1095,1100,1150,1100,1150,1150,1150,1200,1200,1200,1150,1150,1150,1185
"02139","Cambridge","MA","Boston","Middlesex",147,,,,,2650,2350,2350,2300,2325,2250,2250,2375,2546.5,2400,2500,2579,2720,2899,2682,2547,2500,2400,2700,2833.5,2683,2422,2476,2551,2899.5,2850,2800,2700,2500,2600,2690,2600,2552.5,2500,2600,2600,2600,2600,2700,2700,2612.5,2600,2650,2550,2600,2500,2500,2462.5,2500,2600,2600,2612.5,2600,2600,2600,2600,2500,2450,2450,2525,2572.5,2600,2800,2900,2700,2750,2760,2600,2500,2597.5,2635,2600,2600,2800,2900,2850,2900,2800,2800,2787.5,2700
"10026","New York","NY","New York","New York",148,,,,,,,,,,,,,,,,,,2400,2495,2625,2762.5,2700,2712.5,2700,2595,2600,2600,2532,2495,2495,2595,2598,2600,2596.5,2650,2595,2600,2600,2500,2500,2595,2600,2595,2595,2600,2700,2700,2772.5,2700,2519,2700,2612,2800,2750,2699,2550,2650,2697.5,2695,2772.5,2750,2750,2818,2850,2843,2797.5,2725,2700,2661,2795,2795,2632,2547.5,2750,2532.5,2594,2650,2650,2700,2652.5,2685,2800,2836,2683.5,2700
"02138","Cambridge","MA","Boston","Middlesex",149,,,,,1725,1650,1700,1725,1725,1800,1900,1920,1897.5,1925,1900,2087.5,1812.5,2085,1955,2065,2055,2075,2155,2250,2250,2262.5,2200,2200,2250,2225,2200,2200,2200,2200,2350,2397.5,2345,2375,2395,2455,2429.5,2400,2400,2435,2450,2400,2457,2400,2400,2360,2385,2400,2375,2400,2500,2400,2400,2430,2400,2462.5,2499,2475,2400,2450,2500,2445,2500,2575,2500,2525,2495,2500,2550,2350,2350,2400,2400,2450,2500,2550,2575,2500,2500,2500,2500
"11237","New York","NY","New York","Kings",150,,,,,,,,,,,,,,,,,,,,,,,2225,2199.5,2074.5,1849.5,2099,2100,2200,2200,2324.5,2399,2400,2400,2599,2631.5,2600,2550,2500,2400,2400,2350,2399,2399,2400,2400,2499,2562.5,2499,2400,2400,2500,2597,2550,2500,2500,2550,2650,2650,2750,2650,2600,2550,2597.5,2550,2500,2500,2500,2550,2700,2600,2718,2700,2700,2597.5,2499,2493.5,2500,2595,2600,2600,2650,2700,2595,2550
"33401","West Palm Beach","FL","Miami-Fort Lauderdale","Palm Beach",151,,,,,,,,,,,,,,,,,,,,,,,,,,,,,,,,,,,,,,,,,,,,,,,,,,,,,,,,,,,,,,,,,,,,,,,1137.5,1222.5,1100,1127.5,1250,1150,1102.5,1150,1200,1250,1250,1200,1300,1250,1137.5
"80203","Denver","CO","Denver","Denver",152,,,,,,,,,,,,,,,,,,,,,,,,,,,,,,,,,,,,,,,,,,,,,,,,,,,,,,,,,,,,,,,,,,,,,,,,,1035,995,1025,995,1042.5,1125,1125,1095,1122.5,1075,1200,1225,1245
"02128","Boston","MA","Boston","Suffolk",153,,,,,,,,,,,,,,,,,,,,,,,,,,,1500,1500,1500,1500,1525,1650,1800,1900,1900,2000,1850,1800,1800,1875,1800,1800,1800,2000,2000,2000,2075,2025,1900,2000,2100,2000,2000,2100,2074.5,2187.5,2107.5,2200,2200,2200,2200,2200,2250,2300,2250,2250,2250,2200,2300,2300,2300,2250,2200,2200,2150,2500,2450,2400,2450,2450,2500,2500,2457.5,2425,2400
"11103","New York","NY","New York","Queens",154,,,,,,,,,,,,,,,,,,,,,,,,,,1825,1825,1895,1900,1825,1825,1850,1900,1975,2000,2000,2000,1997.5,1995,2000,1962.5,1900,1900,2000,2000,2000,2000,2050,2100,2000,2075,2100,2125,2150,2100,2172.5,2200,2200,2200,2200,2150,2150,2150,2200,2200,2200,2200,2200,2200,2250,2300,2300,2200,2200,2200,2199.5,2150,2200,2175,2250,2250,2300,2300,2250,2250
"10013","New York","NY","New York","New York",155,,,,,,,,,,,,,4450,4495,4200,4000,3999.5,3997.5,3997.5,3950,3950,3985,4000,3950,4000,3975,3900,3895,3782.5,4000,4000,4000,3989,3956.5,4500,4425,4395,4300,4250,4295,4300,4370,4400,4499,4695,4495,4995,4485,4497.5,4475,4485,4500,4650,4850,4800,5000,4977,4895,4995,4747.5,4500,4550,4495,4222.5,4195,4495,4450,4525,4045,4495,4485,4350,4462.5,4895,4375,4500,4765,4795,4695,4695,4595,4762.5,4795,4600,4400
"11367","New York","NY","New York","Queens",156,,,,,,,,,,,,,,,,,,,,,,,,,,,,,,,,,,,,,,,,,,,,,,,,,,,,,,,,,,,,,,,,,,,,,,,,,2150,1975,1992.5,1975,1975,1987,1950,1950,1975,1975,1975,1975,1975
"11102","New York","NY","New York","Queens",157,,,,,,,,,,,,,,,,,,,1850,1900,1990,2165,2200,2300,2375,2100,1900,1900,1900,1900,2000,1995,2000,2100,2150,2200,2300,2200,2100,2100,2200,2200,2200,2250,2312.5,2300,2300,2350,2400,2350,2300,2250,2250,2350,2362.5,2395,2350,2300,2400,2500,2450,2422,2350,2395,2400,2400,2400,2400,2400,2400,2450,2500,2350,2500,2272.5,2400,2400,2400,2400,2300,2400,2400,2497,2300,2200
"60654","Chicago","IL","Chicago","Cook",158,,,,,,1807.5,1800,1741,1810,1850,1847.5,1892,1962,1962,1935,1937,1951,1935,2055,2105.5,2037.5,1939,1929,1811,1825,1923,1953,1973,2047.5,2100,2019,2072,2150,2202.5,2200,2150,2100,2071,2062,2120.5,2121,2139,2200,2350,2381,2356,2379,2260,2241,2320.5,2335,2280,2280,2237,2390,2499,2450.5,2450.5,2450.5,2633,2639,2634,2497,2504,2610,2350,2300,2280,2300,2300,2340,2237,2312,2245,2165,2177,2176,2245,2245,2206,2259,2263.5,2309,2300,2187
"11231","New York","NY","New York","New York",159,,,,,,,,,,,,,,,,,,,,2547.5,2600,2500,2500,2675,2850,2800,2750,2500,2600,2750,2800,3000,3000,3000,3000,2900,2800,2900,2900,2825,2800,2800,2750,2800,2800,2850,2950,2800,2800,2800,2895,2800,2600,2800,2900,3100,2950,2962.5,3000,3000,2975,2995,2950,2900,2900,2995,3000,2995,2900,2995,2950,3000,3100.5,3000,2695,2850,2800,2800,2800,2900,2800,2800,2850,2800,2900
"10035","New York","NY","New York","New York",160,,,,,,,,,,,,,,,,2500,2377.5,2450,2400,2300,2250,2400,2500,2400,2350,2350,2350,2250,2200,2200,2200,2150,2200,2200,2100,2175,2150,2075,2100,2150,2195,2199,2200,2290,2250,2095,2085,2095,2136.5,2100,2099.5,2150,2250,2100,2100,2200,2400,2370,2200,2397,2400,2460,2395,2395,2395,2377,2300,2336,2175,2390,2400,2250,2225,2325,2200,2300,2400,2410,2450,2500,2400,2415,2400,2375,2425
"10001","New York","NY","New York","New York",161,,,,,,,,,,,,,,,,3400,3495,3450,3400,3395,3450,3600,3600,3650,3630,3595,3500,3400,3400,3400,3425,3425,3400,3450,3450,3490,3400,3300,3295,3300,3319,3350,3350,3400,3500,3450,3300,3449.5,3350,3305,3432.5,3375,3357.5,3490,3468,3500,3650,3650,3800,3870,3650,3600,3637.5,3637.5,3400,3362.5,3400,3395,3695,3695,3595,3595,3600,3782,3492.5,3556,3600,3650,3797.5,3845,3634.5,3954,3870,3928,3950
"60202","Evanston","IL","Chicago","Cook",162,,,,,,,,,,,,,,,,,,,,,,,,,,,,,,,,,,,,,,,,,,,,,,,,,,,,1200,1200,1195,1195,1197.5,1245,1220,1295,1250,1250,1227.5,1200,1250,1270,1325,1325,1395,1280,1295,1225,1285,1225,1250,1210,1270,1297.5,1350,1350,1395,1350,1350,1350,1337.5,1340
"10075","New York","NY","New York","New York",163,,,,,,,,,,,,2425,2397.5,2400,2350,2300,2350,2392.5,2400,2350,2400,2400,2450,2397.5,2375,2375,2395,2400,2450,2400,2425,2475,2497.5,2500,2500,2495,2500,2445,2400,2350,2400,2400,2495,2550,2535,2450,2400,2395,2392.5,2375,2412.5,2437.5,2535,2400,2450,2450,2450,2495,2495,2450,2500,2450,2425,2495,2425,2500,2450,2495,2500,2450,2475,2400,2425,2500,2395,2450,2450,2495,2500,2495,2595,2550,2500,2550,2500
"02446","Brookline","MA","Boston","Norfolk",164,,,,1975,2100,2275,2100,2100,2230,2200,2065,2137.5,2295,2275,2275,2500,2500,2400,2300,2200,2100,2050,2097.5,2250,2200,2350,2487.5,2837.5,2800,2410,2375,2450,2467,2485,2410,2417.5,2500,2535,2585,2650,2665,2650,2650,2600,2572.5,2550,2600,2550,2500,2570,2650,2725,2760,2750,2695,2700,2625,2550,2565,2572.5,2600,2675,2900,2995,3000,2900,2805,2937.5,3125,2850,2600,2800,2600,2600,3000,3100,2800,2850,2900,2900,2900,2950,2800,2850,2900
"11249","New York","NY","New York","Kings",165,,,,,,,,,,,,,,,,,,,,,,,,,3647.5,3499,3465.5,3499,3435,3300,3443,3475,3400,3458.5,3287.5,3300,3200,3180,3200,3200,3250,3300,3300,3400,3350,3307.5,3300,3375,3349.5,3200,3250,3134,3000,3195,3300,3400,3600,3450,3500,3550,3450,3780,3845,3738,3738,3600,3700,3585,3500,3350,3200,3500,3700,3700,3850,3688,3250,3396,3495,3379,3327,3327,3560,3508,3500
"23503","Norfolk","VA","Virginia Beach","Norfolk City",166,,,,,,,800,795,750,725,695,700,725,725,725,775,695,695,685,712.5,750,750,750,750,750,750,750,750,750,775,782.5,782.5,790,790,795,775,750,775,800,762.5,750,750,775,762.5,750,820,825,795,755,775,775,750,750,750,775,775,780.5,781,750,750,725,750,750,750,750,750,750,785,750,750,782.5,797.5,750,750,750,750,795,795,797,800,800,790,750,797.5,775
"33140","Miami Beach","FL","Miami-Fort Lauderdale","Miami-Dade",167,,,,,,,,,,,,,,,,,,,,,,,,,,,,,,,,,,,,,,,,,,,,,,,,,,,,,,2547.5,2500,2250,2100,2200,2100,2100,2350,2298.5,2255,2500,2298.5,2300,2200,2500,2500,2500,2200,2150,2199,2250,2299.5,2325,2100,2150,2150,2275,2450,2550,2400,2500,2500
"10012","New York","NY","New York","New York",168,,,,2450,2500,2595,2600,2695,2850,2800,2800,2800,2895,2923.5,2923.5,2850,2900,2995,2995,3000,3000,3050,3200,2984,3197.5,3250,3250,3195,2995,2995,2995,3050,3150,3200,3275,3300,3395,3395,3299,3295,3295,3300,3300,3295,3299,3300,3350,3395,3450,3500,3495,3500,3495,3500,3495,3297.5,3341.5,3400,3337.5,3450,3495,3450,3395,3400,3295,3350,3400,3350,3300,3350,3250,3195,3395,3397.5,3295,3300,3395,3350,3395,3395,3395,3500,3495,3400,3295
"10801","New Rochelle","NY","New York","Westchester",169,,,,,,,,,,,,,,,,,,,,,,,,,,,,,,,,,,,,,,,,,,,,,,,,,,,,,,,,,,,,,,,,,,,,,,,,,2095,2047.5,1850,2100,2097.5,2325,2200,2100,2100,1987.5,2072.5,2095,1800
"60607","Chicago","IL","Chicago","Cook",170,,,,,,,,,,,,,,,,,,,,,,,,,,,,,,,,,,,,,,,,,,,,,,,,,,,,,,,,,,,,,,,,,,,,,,,2300,2310,2325,2259,2047.5,2187.5,2325,2500,2500,2500,2350,2350,2413,2500,2300
"33131","Miami","FL","Miami-Fort Lauderdale","Miami-Dade",171,,,,,,,,,,,,,,,,,,,,,,,,,,,,,,,,2200,2350,2550,2649.5,2500,2485,2500,2500,2550,2550,2550,2550,2700,2600,2600,2650,2675,2650,2562.5,2550,2549,2550,2500,2572.5,2562.5,2500,2500,2500,2500,2550,2600,2512.5,2500,2525,2550,2500,2550,2500,2550,2600,2600,2500,2500,2500,2500,2500,2600,2600,2600,2607,2607,2650,2650,2631.5
"11357","New York","NY","New York","Queens",172,,,,,,,,,,,,,,,,,,,,,,,,,,,,,,,,,,,,,,,,,,,,,,,,,,,,,,,,,,,,,,,,,,,,,,,,,,2200,2000,2200,2300,2100,2100,2100,2200,2225,2200,2200,2100
"02150","Chelsea","MA","Boston","Suffolk",173,,,,,,,,,,,,,,,,,,,,,,,,,,,,,,,,,,,,,,,,,,,,,,,,,,,,,,,,,,,,,,,,,,,,,,,,,1700,1600,1550,1700,1750,1800,1750,1900,1995,1945,1901.5,2045,2100
"11105","New York","NY","New York","Queens",174,,,,,,,,,,,,,,,,,,,,,,,,2100,2175,2287.5,2200,2195,1975,2025,2062.5,2200,2195,2195,2050,2000,2100,2200,2199.5,2110,2150,2100,2150,2250,2200,2295,2400,2295,2300,2295,2372.5,2400,2400,2350,2300,2200,2200,2200,2250,2300,2200,2300,2300,2300,2195,2300,2300,2394,2274.5,2300,2400,2400,2300,2300,2100,2150,2200,2150,2200,2100,2250,2300,2350,2295,2100
"02118","Boston","MA","Boston","Suffolk",175,,,,,,,,,,,,,,,,2325,2275,2375,2387.5,2400,2400,2500,2600,2600,2550,2600,2700,2550,2600,2500,2600,2750,2800,2850,2800,2850,2800,2800,2800,2800,2850,2800,2795,2655,2772.5,2800,2750,2750,2772.5,2772.5,2800,2800,2795,3000,2800,2765,2800,2800,2850,2700,2725,2750,2800,3000,2995,2950,3000,2900,2900,2945,2875,2995,2900,2600,2775,3125,3200,3000,3000,2972.5,2995,3000,3000,3050,3050
"33138","Miami","FL","Miami-Fort Lauderdale","Miami-Dade",176,,,,,,,,,,,,,,,,,,,,,,,,,,,,,,,,,,,,,,,,,,,,,,,,,,,,,,,,,,,,,,,,,,,,,,,,,,1650,1575,1525,1650,1600,1650,1680,1600,1600,1600,1595,1750
"02125","Boston","MA","Boston","Suffolk",177,,,,,,,,,,,,,,,,,,,,,,,,,,,,,1900,1925,1975,1950,2000,2012.5,1950,1905,1972.5,1950,1900,1950,1995,1995,2100,2050,2250,2300,2215,2100,2050,2000,2000,2000,2300,2200,2325,2400,2400,2250,2000,2000,2000,2050,2050,2400,2475,2485,2500,2495,2500,2600,2425,2275,2200,2200,2200,2500,2550,2550,2632.5,2672,2695,2679,2600,2550,2600
"02453","Waltham","MA","Boston","Middlesex",178,,,,,,,,,,,,,,,,,,,,,,,,,,,,,,,,,,2000,1985,1887.5,1700,1650,1700,1840,1900,1840,1800,1800,2000,2300,2000,1800,1700,1775,1875,2000,2100,2000,2150,2275,2200,2050,2000,1950,1800,2000,2100,2300,2100,2223.5,2200,2175,2100,2150,2200,2000,2100,2000,2195,2000,2100,2135,2100,2100,2025,2100,2200,2050,1997.5
"11358","New York","NY","New York","Queens",179,,,,,,,,,,,,,,,,,,,,,,,,,,,,,,,,,,,,,,,,,,,,,,,,,,,,,,,,,,,,,,,,,,,,,,,,,,1800,2000,1925,2100,1900,1850,1900,1900,2000,2000,2100,2025
"10030","New York","NY","New York","New York",180,,,,,,,,,,,1650,1695,1695,1550,1550,1600,1650,1695,1650,1697.5,1799,1812,1800,1749,1550,1580,1599.5,1650,1650,1695,1700,1727,1700,1700,1749.5,1779,1750,1795,1775,1795,1775,1750,1750,1750,1750,1795,1800,1899,1900,1950,1950,2000,2000,2000,1950,1999,2000,1997,2100,2000,2000,1900,1900,2000,2000,2000,2000,2000,2100,2000,2000,2250,2100,2225,1985,2250,2165,2100,2100,2100,2100,2165,2250,2299.5,2210
"11104","New York","NY","New York","Queens",181,,,,,,,,,,,,,,,,,,,,,,,,,1675,1675,1750,1750,1750,1750,1750,1750,1750,1800,1800,1800,1800,1750,1800,1800,1835,1835,1867,1900,1900,1875,1875,1900,1950,1900,1950,1950,2000,2000,1975,1950,1950,2000,2100,2100,2150,2100,2100,2100,2050,2100,2106,2027.5,2000,1995,2000,2100,2100,2100,2025,2000,1937.5,1995,1950,2000,2000,2050,2000,1973,2100
"60624","Chicago","IL","Chicago","Cook",182,,,,,,,,,,,,,,,,,,,,,,,,,,,,,,,,,,,,,,,,,,,,,,,,,,,,,,,,,,,,,,,,,,,,,,,,,1325,1300,1250,1203.5,1200,1250,1250,1250,1207,1250,1250,1228.5,1200
"02116","Boston","MA","Boston","Suffolk",183,,,,,,,,,,,2625,2800,2800,2400,2265,2200,2575,2400,2650,2500,2500,2450,2400,2600,2600,2600,2900,2600,2550,2500,2500,2700,2700,2800,2850,3000,2900,2800,2825,2800,2800,2700,2750,2800,2750,2900,2865,2800,2800,2850,2850,3000,3200,2797.5,2800,2700,2700,2762.5,2700,2795,2762.5,2750,2750,2950,2995,2950,2900,2800,2750,2772.5,2650,2700,2915,2800,3000,2650,2800,2800,2850,2800,3000,2850,2850,2800,2865
"02131","Boston","MA","Boston","Suffolk",184,,,,,,,,,,,,,,,,,,,,,,,,,,,,,,,,1950,1950,1900,1900,1900,1850,1850,1800,1695,1650,1662.5,1662.5,1892.5,1900,1850,1850,1800,1800,1800,1800,1875,2000,2000,2100,2100,2100,2025,1900,1900,1800,1800,1762.5,1850,2000,2000,1900,2200,2095,2250,1950,1995,2025,1800,1950,1850,1900,1900,2000,2100,2200,2100,2100,2150,2000
"33137","Miami","FL","Miami-Fort Lauderdale","Miami-Dade",185,,,,,,,,,,,,,,,,,,,,,,,,,,,,,,,,,,,,2355,2300,2450,2400,2300,2300,2300,2300,2350,2000,2000,2100,2162.5,2100,2000,2000,2075,2150,2000,2000,2000,2175,2250,2175,2325,2500,2750,2755,2700,2690,2700,2250,2300,2350,2450,2300,2350,2450,2362.5,2250,2300,2500,2500,2500,2550,2500,2450,2500,2575,2600
"10017","New York","NY","New York","New York",186,,,,,,,,,,2800,2900,2950,3150,3295,3000,3000,3000,2950,2900,2900,3000,2992.5,3000,3000,3000,3000,3000,2950,3000,3000,3000,3000,3075,3100,3100,3195,3197.5,3050,3000,3100,3100,3200,3200,3200,3295,3200,3187.5,3100,3097.5,3200,3200,3200,3295,3397.5,3585,3180,3195,3095,3100,3100,3100,3250,3250,3150,3100,3060,3037.5,2850,3200,3272.5,3100,3125,3297.5,3295,2840,3010,3000,3118.5,3180,3070,2975,2960,2975,3050,2950
"10039","New York","NY","New York","New York",187,,,,,,,,,,,,,,,,,,,,,,,1450,1495,1500,1450,1450,1450,1450,1450,1500,1500,1500,1550,1550,1550,1500,1500,1500,1495,1500,1500,1550,1600,1600,1650,1650,1650,1625,1650,1650,1650,1650,1700,1800,1800,1800,1775,1750,1700,1700,1800,1800,1900,1915,1900,1800,1950,1800,1997.5,1900,1825,1775,1797.5,1800,1995,1800,1800,1850,1816.5,1950,1950,1999,1995,1912.5
"60621","Chicago","IL","Chicago","Cook",188,,,,,,,,,,,,,,,,,,,,,,,,,,,,,,,,,,,,,,,,,,,,,,,,,,,,,,,,,,,,,,,,,,,,,,,,,1100,950,1000,1100,1000,1000,1000,1100,1000,1000,1000,1100,1050
"02132","Boston","MA","Boston","Suffolk",189,,,,,,,,,,,,,,,,,,,,,,,,,,,,,,,,,,,,,,,,,,,,,,,,,,,,,,,,,,,,,,,,,,,,,,,,,1997.5,1900,1895,1932.5,1890,1917.5,1995,1925,1995,1995,2100,1995,1975
"10038","New York","NY","New York","New York",190,,,,,,2900,2990,3000,2995,3095,3072.5,3100,3010,3050,3000,2992,3020,3032.5,3100,3169,3200,3200,3247,3250,3212.5,3195,3195,3195,3200,3175,3195,3200,3249.5,3250,3275,3250,3250,3250,3260,3210,3225,3250,3275,3195,3230,3300,3300,3375,3326,3300,3302.5,3167.5,3295,3620,3712.5,3505,3450,3625,3495,3495,3500,3410,3395,3400,3362.5,3350,3395,3395,3527.5,3495,3457.5,3500,3446,3355,3350,3350,3393.5,3395,3480,3600,3595,3700,3600,3525,3485
"33304","Fort Lauderdale","FL","Miami-Fort Lauderdale","Broward",191,,,,,,,,,,,,,,,,,,,,,,,,,,,,,,,,,,,,,,,,,,,,,,,,,,1300,1300,1400,1350,1250,1350,1200,1297.5,1300,1325,1350,1500,1497.5,1450,1300,1250,1350,1400,1325,1325,1250,1350,1300,1250,1300,1295,1275,1300,1350,1300,1300,1300,1350,1290,1250,1295
"33019","Hollywood","FL","Miami-Fort Lauderdale","Broward",192,,,,,,,,,,,,,,,,,,,,,,,,,,,,,,,,,,,,,,,,,,,,,,,2450,2400,2200,2225,2250,2150,2100,2100,2275,2300,2400,2200,2150,2050,2275,2300,2200,2250,2350,2150,2300,2400,2250,2200,2200,2300,2500,2400,2300,2400,2200,2200,2300,2200,2200,2150,2225,2300,2195
"11228","New York","NY","New York","Kings",193,,,,,,,,,,,,,,,,,,,,,,,,,,,,,1575,1500,1500,1600,1600,1650,1700,1600,1700,1650,1700,1750,1600,1600,1600,1650,1650,1650,1697.5,1700,1700,1750,1850,1800,1850,1800,1850,2000,1900,1995,1900,1850,1925,1850,1975,1975,2000,2050,2000,2000,2100,2000,1925,2050,1900,2125,2225,2200,2100,2200,2200,2200,2200,2000,2100,2000,2100
"02143","Somerville","MA","Boston","Middlesex",194,,,,,,,,,,,,,,,,,,,,,,,,,,,,,,,2550,2350,2200,2300,2500,2400,2300,2300,2400,2375,2300,2300,2375,2300,2450,2400,2350,2312.5,2300,2295,2300,2249,2300,2550,2600,2700,2600,2600,2500,2400,2362.5,2272.5,2200,2275,2300,2600,2600,2800,2725,2500,2700,2800,2600,2450,2300,2400,2387.5,2400,2700,2775,2700,2700,2695,2700,2500
"11379","New York","NY","New York","Queens",195,,,,,,,,,,,,,,,,,,,,,,,,,,,,,,,,,,,,,,,,,,,,,,,,,,,,,,,,,,,,,,,,,,,,,,1925,2000,2100,1800,1975,2100,2000,2000,2100,1900,1999,2000,2000,2050,2100,2100
"60601","Chicago","IL","Chicago","Cook",196,,,,,1638,1822,1754,1749.5,1859,1875,1929,1958.5,1932.5,1888,1925,1900,1897.5,1972,2100,1920,1953.5,1958.5,1936,1962,1948,1920,1915,1940,1965,1988,2053,1957.5,1948.5,1938,1918.5,1946,1952,1934,2000,2075,2023.5,2100,2076,2081.5,2069,2096,2103,2125,2086.5,2125,2031,1967,2205,2258,2201.5,2278,2290.5,2219,2108,2299,2504,2380.5,2355,2165,2147,2153.5,2384,2326,2303,2275,2372,1958,1957,2120,1959,2017,1945,1990,1980,2012,2075,2174,2199.5,2174,2090
"02115","Boston","MA","Boston","Suffolk",197,,,,,,,,,,,,,2200,2225,2200,1950,1850,1850,1850,1900,1900,2150,2275,2300,2125,2300,2450,2200,2100,2100,2100,2195,2200,2265,2300,2375,2225,2450,2500,2600,2500,2500,2425,2350,2330,2330,2345,2350,2400,2400,2400,2400,2400,2400,2400,2362.5,2362.5,2400,2415,2450,2415,2450,2415,2475,2400,2400,2400,2395,2415,2400,2295,2300,2500,2397.5,2600,2500,2600,2495,2500,2495,2400,2400,2500,2550,2592.5
"02145","Somerville","MA","Boston","Middlesex",198,,,,,,,,,,,,,,,,,,,,1650,1750,1800,1737.5,1900,1850,1800,1800,1850,1800,2000,1900,1830,1800,1830,1950,1962.5,1900,1950,1899.5,1800,1825,1850,1900,1900,2000,2300,2132.5,2100,2000,2015,2000,2100,2100,2100,2200,2350,2325,2300,2300,2200,2000,2100,2100,2200,2300,2200,2200,2212.5,2300,2300,2287.5,2475,2400,2250,2250,2250,2100,2200,2325,2600,2575,2600,2500,2500,2472.5
"10037","New York","NY","New York","New York",199,,,,,,,,,,,,,,1475,1495,1510,1525,1560,1572.5,1550,1550,1785,1822.5,1750,1625,1650,1705,1687.5,1650,1725,1750,1750,1737.5,1725,1750,1725,1725,1749.5,1700,1725,1702,1707,1750,1800,1795,1795,1750,1750,1775,1750,1750,1775,1800,1837.5,1800,1750,1797,1817.5,1897.5,1850,1847.5,1883,1899,1881.5,1850,1875,1935,1906,1965,1900,1950,1800,1955,1950,1915,1950,1950,1911,1887.5,1975,2112.5,2154,2149,2100,2025
"02144","Somerville","MA","Boston","Middlesex",200,,,,,,,,,,,,,,,,,,,,,,,,,,,,2650,2875,2855,2500,2500,2550,2550,2625,2700,2600,2450,2400,2400,2300,2300,2400,2450,2400,2625,2595,2550,2600,2400,2500,2500,2500,2600,2800,2800,2850,2850,2700,2600,2695,2500,2500,2500,2550,2650,2750,2900,2900,2800,2700,2762.5,2700,2550,2550,2600,2600,2690,2950,3000,3000,2995,2850,2700,2600
"33301","Fort Lauderdale","FL","Miami-Fort Lauderdale","Broward",201,,,,,,,,,,,,,,,,,,,,,,,,,,,,,,,,,,1825,2000,1924.5,1950,1800,1800,1800,1750,1700,1675,1675,1775,1719,1650,1650,1900,1950,1800,1700,1897.5,1725,1671.5,1700,1662.5,1650,1650,1650,1650,1650,1787.5,1687.5,1700,1700,1650,1787.5,1725,1675,1787.5,1662.5,1675,1787.5,1797,1675,1712.5,1800,1825,1803,1800,1795,1800,1662.5,1650
"02478","Belmont","MA","Boston","Middlesex",202,,,,,,,,,,,,,,,,,,,,,,,,,,,,,,,,1800,2000,1900,1900,1900,1900,1850,1850,1950,1950,1800,1874.5,1975,2000,2000,2200,2100,1995,2000,2000,2000,2100,2150,2150,2125,2100,2200,2000,2000,2000,2000,1995,2000,2000,2050,2100,2150,2200,2200,2300,2000,2000,2000,2025,1995,2000,2100,2100,2295,2295,2290.5,2295,2300,2300
"60642","Chicago","IL","Chicago","Cook",203,,,,,,,,,,,,,,,,,,,,,,,,,,,,,,,,,,,,,,,,,,,,,,,,,,,,,,,,2103,2100,2100,1995,2050,2000,2100,2097.5,2050,2250,1995,1800,1850,2100,1950,2100,1900,1950,2135,2000,1968,1895,1800,1767.5,1849.5,2033.5,2100,2100,2050,2000
"02215","Boston","MA","Boston","Suffolk",204,,,,,,,,,,,,,,,,,,,,,,,,,,1750,1800,2050,1900,1795,1800,1800,1785,1775,1800,1825,1825,1850,1875,1925,1975,1950,1950,1900,1900,1900,1900,1900,1900,1945,1925,2025,2100,2000,2000,1950,1950,1950,1960,1950,1950,2012.5,2075,2100,2150,2075,2000,2000,1900,1975,1950,1925,1950,1975,1975,2147.5,2025,1995,2050,1950,1925,1850,2000,2075,2125
"32801","Orlando","FL","Orlando","Orange",205,,,,,,,,,,,,,,,,,,,,,,,,,,,,,,,,,,,,,,,,,,,,,,,,,,,,,,,,,,,,,,,,,,,,,,,,,,1524.5,1587,1650,1550,1300,1395,1358,1366,1412,1507.5,1455,1484
"02134","Boston","MA","Boston","Suffolk",206,,,,,,,,,,,,,,,,,,,,,,,,,,,,,2200,1850,1825,1800,1800,1895,1895,1975,2095,2200,2200,2400,2350,2295,2299.5,2085,2037.5,2000,1995,1900,1800,1850,1995,2300,2195,1995,1995,1950,1950,1950,1995,2050,2075,2100,2399,2385,2400,2400,2350,2300,2500,2150,2200,2400,2300,2090,2300,2600,2550,2650,2567.5,2600,2600,2550,2550,2500,2495
"11361","New York","NY","New York","Queens",207,,,,,,,,,,,,,,,,,,,,,,,,,,,,,,,,,,,1800,1750,1700,1750,1750,1750,1800,1800,1800,1987.5,2050,1850,1950,1900,1900,1900,1950,2000,1980,1950,1965,1965,2000,1950,1900,2000,1995,2000,2000,2047.5,2100,2100,1895,1900,2095,2150,1850,1975,1995,1850,2100,1995,1995,2100,2150,2122.5,2000,2100,2000,2100,1995
"10471","New York","NY","New York","Bronx",208,,,,,,,,,,,,,,,,,,,,,,,,,,,,,,,,,,1750,1999,2030,2197.5,1999,1795,1700,1700,1700,1700,1712.5,1762.5,1830,1850,1900,2003.5,2000,1972.5,1995,1912.5,1895,1762.5,1820.5,1995,1995,2095,1900,2000,2100,2095,1996,1912,1900,1975,1800,2100,1895,2000,2000,2145,2295,2000,1847.5,1800,1872.5,1900,1897.5,1850,1950,1900,1900,1800
"02140","Cambridge","MA","Boston","Middlesex",209,,,,,,,,,,,,,,,,,,,,,,,,,,,2200,2500,2500,2250,2500,2200,2100,2200,2200,2300,2300,2425,2577,2505,2400,2400,2500,2505,2530,2600,2700,2579,2450,2587.5,2400,2500,2600,2547.5,2595,2825,2750,2600,2600,2682.5,2600,2600,2500,2600,2650,2725,2650,2800,2700,2800,2700,2850,2600,2650,2500,2600,2850,2800,3000,2900,2840,2950,2931,2889,2800
"11378","New York","NY","New York","Queens",210,,,,,,,,,,,,,,,,,,,,,,,,,,,,,,,,,,,,,1500,1600,1600,1674,1600,1600,1600,1600,1625,1600,1600,1675,1750,1774.5,1750,1750,1699,1912.5,1825,1800,1800,2000,1900,1862.5,1875,1900,1900,1900,1887.5,1800,2000,2100,2150,1900,2000,2100,1800,2000,2100,2100,2099,2200,2125,2000,2125,2100,2195,2100,2100
"78751","Austin","TX","Austin","Travis",211,,,,,,,,,,,,,,,,,,,,,,,,,,,,,,,,,,,,,,,,,,,,,,,,,,,,,,,,,,,,,,,,,,,,,,,,,1295,1145,1322,1269.5,1415,1415,1500,1432.5,1400,1325,1290,1195,1344
"33154","Bal Harbour","FL","Miami-Fort Lauderdale","Miami-Dade",212,,,,,,,,,,,,,,,,,,,,,,,,,,,,,,,,,,,,,,,,,,,,,,,,,,,,,,,,,,,,,,,,,,,,,,,,,,3000,2800,2400,2250,2300,2250,2400,2487.5,2695,2695,2600,2600
"11418","New York","NY","New York","Queens",213,,,,,,,,,,,,,,,,,,,,,,,,,,,,,,,,,,,,,,,,,,,,,,,,,,,,,,,,,,,,,,,,,,,,,,,,,,1625,1700,1697.5,1700,1800,1797.5,1850,1765,1925,1875,1800,1700
"11415","New York","NY","New York","Queens",214,,,,,,,,,,,,,,,,,,,,,,,,,,1600,1550,1550,1550,1525,1528,1500,1550,1550,1650,1650,1650,1625,1650,1650,1650,1650,1675,1675,1650,1650,1700,1692.5,1725,1695,1700,1700,1725,1700,1750,1800,1800,1800,1900,1850,1850,1850,1800,1950,1900,1950,1850,1800,1800,1837.5,2000,1800,1950,1995,2000,1900,1850,1800,1872.5,1837.5,1825,1800,1900,1862.5,1950
"02445","Brookline","MA","Boston","Norfolk",215,,,,,,,,,,,,,,,,,,,,,,,,,,,2497.5,2300,2400,2300,2450,2500,2600,2600,2600,2600,2550,2550,2650,2650,2699,2699,2650,2637.5,2650,2600,2600,2500,2475,2600,2550,2500,2599,2550,2700,2674.5,2600,2600,2570,2595,2595,2550,2595,2600,2800,2800,2900,2650,3000,2850,2597,2825,2600,2600,2699,2700,2795,2850,2950,2790,2925,2900,2775,2750,2700
"02114","Boston","MA","Boston","Suffolk",216,,,,,,,,,,,,,,,,2290,2242.5,2250,1850,1850,2000,2280,2375,2300,2350,2400,2400,2500,2550,2550,2500,2507.5,2500,2695,2730,2835,2800,2825,2750,2700,2800,2845,2880,2800,2697.5,2800,2520,2690,2735,2650,2700,2675,2740,2600,2695,2442.5,2400,2500,2575,2625,2600,2597.5,2600,2695,2700,2700,2700,2900,2800,2800,2750,2640,2700,2700,2600,2535,2795,2755,2750,2795,2700,2499.5,2700,2700,2600
"60661","Chicago","IL","Chicago","Cook",217,,,,,,,,,,,,,,,,,,,,,,,,,,,,,,2190,2180,2165,2085,2051,2070,2000,2035,1840,2035,2054,2054,1935,1738,1634,1713,1789.5,1875.5,1881,1939.5,1796,2051,1950,1955,1958,2017,2050,2047,2079.5,1992.5,2184.5,2280,2276.5,2166,2264.5,2121,2094,2035,1995,2040,2020,2052,2047.5,2104.5,2178.5,2052,2100,2077.5,2051,2066.5,1950,1995,2019,2050,2033,2130
"02129","Boston","MA","Boston","Suffolk",218,,,,,,,,,,,,,,,,,,,,,,,,2300,2300,2300,2350,2400,2384.5,2430,2397.5,2720,2849.5,2612.5,2500,2550,2600,2600,2745,2600,2600,2600,2600,2650,2600,2699,2600,2547,2500,2475,2505,2502.5,2505,2555,2800,2600,2625,2717.5,2600,2550,2600,2600,2600,2600,2600,2560,2507.5,2460,2600,2582.5,2625,2630,2460,2600,2600,2800,2950,2900,3000,3000,3100,3300,2875,2700,2590
"33129","Miami","FL","Miami-Fort Lauderdale","Miami-Dade",219,,,,,,,,,,,,,,,,,,,,,,,,,,,,,,,,,,,,,,,,,,,,,,,,,,,,,,,,,,,,,,,,,,,,,,,,2175,2325,2300,2500,2450,2150,2450,2300,2400,2500,2500,2500,2500,2449.5
"33132","Miami","FL","Miami-Fort Lauderdale","Miami-Dade",220,,,,,,,,,,,,,,,,,,,,,,,,,,,,,,,,,,,,,,2499.5,2400,2500,2500,2550,2550,2550,2350,2400,2375,2475,2537.5,2400,2200,2250,2250,2200,2300,2500,2400,2500,2500,2400,2500,2500,2400,2400,2500,2500,2350,2350,2400,2500,2450,2450,2400,2300,2350,2350,2300,2350,2350,2450,2450,2300,2400,2500,2500
"10543","Town of Mamaroneck","NY","New York","Westchester",221,,,,,,,,,,,,,,,,,,,,,,,,,,,,,,,,,,,,,,,,,,,,,,,,,,,,,,,,,,1850,2175,2100,2100,2000,1925,2000,2000,2050,2000,2000,2000,1950,2100,1925,1825,2000,2000,1895,2125,2350,2350,2250,2350,2350,2350,2350,2350
"11232","New York","NY","New York","Kings",222,,,,,,,,,,,,,,,,,,,,,1750,1700,1725,1850,1800,1750,1700,1650,1625,1650,1800,1850,1975,1925,1850,1875,1900,1850,1840,1800,1800,1800,1800,1900,1900,1975,1950,1900,1950,1975,1975,2000,2300,2100,2000,1937.5,1899,1900,2000,2000,2100,2150,2195,2100,2100,2100,2100,2200,2125,2100,2225,2000,2000,2100,1985,2000,2000,2100,2175,2250,2200,2200,2200,2200,2400
"10805","New Rochelle","NY","New York","Westchester",223,,,,,,,,,,,,,,,,,,,,,,,,,,,,,,,,,,,,,,,,,,,,,,,,,,,,,,,,,,,,,,,,,,,,,,,,,,1792.5,1850,1825,1836,1850,1797,1725,1850,1800,1797.5,1750,1800
"02141","Cambridge","MA","Boston","Middlesex",224,,,,,,,,,,,,,,,,,,,,,,,,,,,,,,,,,,,,,,,,,,,,,,,,,,,,,,,,,,,,,,,,,,,,,,,,,,2450,2500,2487.5,2600,2750,2800,2700,2650,2650,2600,2500,2400
"02467","Brookline","MA","Boston","Norfolk",225,,,,,,,,,,,,,1850,1850,1885,1850,1980,1850,1905,1870,1885,1885,1920,1950,2020,1995,1932.5,1955,2060,2065,2100,2067.5,2035,2042.5,2095,2105,2130,2095,2100,2145,2145,2160,2200,2240,2200,2270,2300,2250,2245,2250,2270,2260,2220,2265,2300,2300,2300,2300,2302.5,2310,2310,2365,2355,2370,2340,2340,2355,2355,2340,2340,2535,2422.5,2425,2470,2400,2510,2510,2600,2510,2680,2720,2525,2600,2657.5,2557.5
"10018","New York","NY","New York","New York",226,,,,,,,,,,,,,,,,,,3225,3292,3250,3280,3297.5,3295,3369,3350,3392,3320,3250,3290,3300,3330,3320,3390,3350,3380,3400,3360,3300,3300,3300,3300,3300,3320,3400,3454,3450,3475,3475,3452.5,3495,3462.5,3550,3700,3635,3617.5,3595,3595,3670,3630,3620,3597.5,3525,3450,3435,3420,3485,3417.5,3595,3430,3450,3486.5,3495,3450,3500,3588,3479,3470,3495,3400,3392.5,3368,3395,3695,3672.5,3592.5
"10005","New York","NY","New York","New York",227,,,,,,,,,,,,,,3297.5,3250,3295,3436,3397.5,3364,3436,3500,3500,3445,3395,3458,3400,3320,3350,3300,3220.5,3250,3200,3240,3275,3295,3400,3485,3401,3450,3400,3390,3395,3395,3350,3500,3500,3400,3450,3490,3495,3495,3395,3450,3595,3888,3494.5,3540.5,3418,3402.5,3440,3385,3397.5,3299,3273.5,3275,3350,3477,3375,3504.5,3370,3414.5,3382.5,3494,3367,3275,3235,3309,3325,3348,3556.5,3615,3785,3700,3595,3695
"10280","New York","NY","New York","New York",228,,,,,,,,,,,,,,,,,,,,,,,,,,,,,,,,,,,,,,,,,,,,,,,,,,,,,,,,,,,,,,,,,,,,,,3250,3401,3242.5,3370,3415,3075,3195,3197.5,3132.5,3300,3495,3402.5,3500,3550,3400,3338.5
"02113","Boston","MA","Boston","Suffolk",229,,,,,,,,,,,,,,,,2400,2387.5,2200,2300,2400,2350,2397.5,2397.5,2400,2400,2450,2495,2400,2250,2400,2450,2550,2400,2400,2400,2600,2492.5,2497.5,2400,2400,2350,2400,2400,2400,2400,2400,2500,2400,2400,2400,2490,2500,2500,2550,2500,2500,2525,2500,2500,2400,2300,2300,2400,2400,2400,2500,2500,2500,2500,2500,2400,2500,2425,2500,2300,2500,2500,2650,2680,2675,2600,2700,2750,2700,2695
"02111","Boston","MA","Boston","Suffolk",230,,,,,,,,,,,,,,,,,,,,,,,,,,,,,,,,,,,,,,,,,,,,,,,,,,,,,,,,,,,,,,,,,,,,,,,,,2875,2912.5,3250,3300,3300,2975,3174.5,3211.5,3227.5,3149,3150,3046,2950
"11109","New York","NY","New York","New York",231,,,,,,,,,,2647.5,2675,2750,2642.5,2720,2675,2625,2730,2650,2687.5,2805,2860,2880,2820,2795,2825,2880,2800,2800,2900,2935,2880,2925,2900,2895,2850,2825,2850,2902.5,2895,2910,2920,2945,2900,2867.5,2825,2847.5,2892.5,3065,3095,3100,3150,3110,3295,3190,3087.5,3077.5,3095,3150,3125,3150,3100,3035.5,3045,3045,3235,3200,3195,3120,3300,3100,3195,3177.5,3200,2995,3300,3295,3350,3375,3395,3300,3350,3425,3347.5,3340,3205
"60606","Chicago","IL","Chicago","Cook",232,,,,,,,,,,,,,,,,,,,,,,,,,,,,,,,,,,,,,,,,,,,,,,,,,,,,,,,,,,,,,,,,,,,,,,,,,1901,1900,1887,1901,1975,1997.5,1900.5,1940,1981,1950,1990.5,1958,2050
"10006","New York","NY","New York","New York",233,,,,,,2792.5,2850,2800,2867.5,2785,2750,2792.5,2800,2847.5,2800,2799.5,2880,2900,2925,2900,2975,2995,3033.5,3072.5,3000,3062.5,2995,2950,2912.5,2975,2850,2975,2995,2995,2995,3000,3000,2995,3000,3000,3000,3002.5,2995,2950,2950,3200,3195,3200,3200,3200,3200,3145,3295,3352.5,3352.5,3355,3295,3345,3345,3362.5,3397.5,3400,3338,3295,3362.5,3448,3390,3350,3485,3390,3370,3362.5,3400,3350,3346,3377.5,3495,3500,3650,3500,3500,3700,3850,3695,3500
"02109","Boston","MA","Boston","Suffolk",234,,,,,,,,,,,,,,,,,,,,,,,,,,,,2670,2695,3165,3130,3250,3275,3297.5,3295,3300,3250,3200,3100,3100,3260,3250,3250,3200,3282.5,3315,3230,3067.5,2925,2862.5,2850,2832.5,2850,2840,2902.5,2700,2600,2800,2600,2700,2700,2745,2740,2850,2850,2825,2850,2850,2980,2800,2775,2600,2850,2625,2965,2700,2700,2700,2700,2800,2700,2750,2850,2900,2980
