"RegionName","City","State","Metro","CountyName","SizeRank","2010-01","2010-02","2010-03","2010-04","2010-05","2010-06","2010-07","2010-08","2010-09","2010-10","2010-11","2010-12","2011-01","2011-02","2011-03","2011-04","2011-05","2011-06","2011-07","2011-08","2011-09","2011-10","2011-11","2011-12","2012-01","2012-02","2012-03","2012-04","2012-05","2012-06","2012-07","2012-08","2012-09","2012-10","2012-11","2012-12","2013-01","2013-02","2013-03","2013-04","2013-05","2013-06","2013-07","2013-08","2013-09","2013-10","2013-11","2013-12","2014-01","2014-02","2014-03","2014-04","2014-05","2014-06","2014-07","2014-08","2014-09","2014-10","2014-11","2014-12","2015-01","2015-02","2015-03","2015-04","2015-05","2015-06","2015-07","2015-08","2015-09","2015-10","2015-11","2015-12","2016-01","2016-02","2016-03","2016-04","2016-05","2016-06","2016-07","2016-08","2016-09","2016-10","2016-11","2016-12","2017-01","2017-02","2017-03","2017-04","2017-05","2017-06","2017-07","2017-08","2017-09","2017-10"
"10467","New York","NY","New York","Bronx",1,495000,519000,499000,499000,489000,499000,499000,489000,475000,469000,469000,469000,469000,449995,449990,424990,425000,432000,432000,441000,432000,435000,445500,429000,425000,425000,419000,430000,437500,439000,440000,423995,417000,399000,399000,399000,399000,399000,399000,450000,470000,499000,499000,519000,519000,519000,499000,499000,499000,499000,519000,499000,499000,489000,489000,479000,479000,495000,479000,479000,495000,495000,495000,495000,495000,519000,529000,529000,529000,509000,499000,514450,499000,499000,499000,519000,529000,565000,549995,549000,549000,549000,549000,569990,599000,590000,579000,575000,577000,575000,575000,570000,550000,577000
"11226","New York","NY","New York","Kings",2,,,,,,,,,,,,,,,,,,,,,,,,,,,,,,,,,,,,,,,,,,,,,,,,,,,,,,,,,,,,,,,,,,,,,,,,,,,,,,,849999.5,849999,885000,850000,837000,799999,825000,895000,928000,950000,1099000,1197500,1122500,999000,999000,999000
"11235","New York","NY","New York","Kings",3,654500,654500,650000,650000,658000,659000,669000,649000,650000,659000,679000,699000,699000,659000,667000,659000,689000,689000,692000,695000,689000,680000,697500,699000,695000,699000,699000,699000,679500,649500,679000,699000,719000,694000,694000,679000,679000,662500,696000,699499.5,719000,720000,724500,749000,720000,749000,650000,720000,699000,699000,699499.5,732000,744000,749000,779500,799000,787000,779000,799000,789000,799000,831500,817500,820000,804500,799000,810000,825000,819900,821950,825000,849000,899000,899000,930000,950000,972450,995000,975000,980000,975000,950000,979000,964000,996500,998500,1069000,999000,1019000,999999,1009499.5,999999,1019000,1100000
"60647","Chicago","IL","Chicago","Cook",4,,,,,,,,,,,,,,,,,,,,,,,,,,,,,,,,,,,,,,,,,,,,,,,,,,,,,,,,,445000,475000,486000,450000,407825,389000,399000,389000,399000,399090,399750,449450,449900,435000,435000,435000,419000,419000,455000,474950,452500,449900,449900,449500,449900,432450,455000,459000,457500,487500,492500,492500,484000,499900,490000,499950,540000,580000
"60618","Chicago","IL","Chicago","Cook",5,,,,,,,,,,,,,,,,,,,,,,,,,,,,,,,,,,,,,,,,,,,,,,,339000,347000,382000,389000,389500,394950,425000,424500,399950,425000,407450,387500,359000,339900,349950,349900,379500,376950,399000,394450,399900,399900,397250,395500,397750,434250,450000,474000,469000,466950,474900,464900,488000,476950,464950,449950,450000,450000,485000,495000,499000,5e+05,510000,494450,499899.5,489000,499000,485000
"90046","Los Angeles","CA","Los Angeles-Long Beach-Anaheim","Los Angeles",6,,,,,,,,,,,,,,,,,,,,,,,,,,,,,,,,,,,,,,,,,,,,,,,,,,,,,,,,,,,,,,,,,,,,,,,,,,,,,,2314000,2122500,2074750,2250000,1980000,2100000,1974999.5,1990000,1974999.5,1990000,1994500,1995000,1899000,1899000,1899000,1899000,1800000
"10462","New York","NY","New York","Bronx",7,475000,479000,479000,475000,460000,459000,450000,459000,454500,459000,462000,465000,462000,454500,450000,450000,449000,449000,447000,449000,459000,449000,441500,435000,439000,449500,450000,450000,449000,445000,445000,459500,475000,469500,450000,475000,449000,454500,445000,442000,469000,469000,469000,450000,450000,475000,479000,459000,499000,529000,529000,529000,549000,549000,579000,579000,579000,579000,579000,579000,559000,555000,549000,555000,579000,579000,579000,579000,559000,564000,550000,550000,569950,579000,589000,599000,599000,579000,584000,599000,604950,617000,579000,585000,585000,562000,549497.5,550000,544000,554997.5,554997.5,579000,599000,590000
"10456","New York","NY","New York","Bronx",8,,,,,,,,,,,,,,,,,,,,,,,,,,,,,,,,,,,,,,,,,,,,,,,,,,,,,,,,,,,,,,,,,,,,,,,,,,,,6e+05,515000,507000,515000,539500,549000,5e+05,499000,549000,549000,572500,559500,587000,587000,570000,544500,550000,599000,575000
"11209","New York","NY","New York","Kings",9,,,,,,,,,,,,,,,,,,,,,,,,,,,,,,,,,,,,,,,,,,,,,,,,,,,1024000,1075000,1194000,1169000,1200000,1193500,1149000,1110000,1090000,1134500,1027000,1025000,1100000,1100000,1079000,1199000,1235000,1254000,1310000,1325000,1380000,1375000,1380000,1449500,1450000,1398500,1377500,1380000,1350000,1352000,1299000,1299000,1299500,1368000,1397000,1418999.5,1499499.5,1459000,1399999,1399499.5,1408999.5,1428000,1438000,1431500
"60629","Chicago","IL","Chicago","Cook",10,,,,,,,,,,,,,,,,,,,,,,,,,,,,,,,,,,,,,,,,,,,,,,,,,,,,,,,,,144705.5,144511,144900,144900,130000,124500,127250,149900,138450,149900,141400,154950,156500,165000,159000,142400,130000,135000,139900,139950,159000,159900,160000,165000,160000,159900,159900,155000,155000,159350,167000,179500,189000,189500,193000,189500,199000,191000
"60625","Chicago","IL","Chicago","Cook",11,,,,,,,,,,,,,,,,,,,,,,,,,,,,,,,,,,,,,,,,,,,,,,,,,,,,,,,,,,,,454500,464500,489450,499000,5e+05,479900,499000,489000,495000,519500,480000,482500,504950,499450,492000,467450,479450,479900,484950,498500,498950,489900,499950,507500,5e+05,494900,489900,482450,490000,495000,495000,499950,537450,549900,572000
"11212","New York","NY","New York","Kings",12,460000,477000,499000,474000,472000,485000,492749.5,495500,475000,459500,457000,450000,449000,457000,449000,450000,477000,479000,467450,449750,459000,479000,485000,489000,467000,474750,487000,461500,454000,454000,450000,454500,449000,450000,499000,489000,489000,479000,479000,479000,489000,479000,499000,489000,479000,489000,519000,521950,529000,529000,529000,539000,539000,539000,539000,534000,539000,529000,549000,569000,584000,589000,579000,550000,550000,550000,554500,579000,584000,599000,599000,629000,659000,659000,659000,669999,669000,729000,729000,729000,729000,729000,739000,749000,739000,729000,749000,767000,749000,749000,759000,749000,729000,729000
"11214","New York","NY","New York","Kings",13,794000,799000,797000,799000,799000,798500,799000,779000,769000,754000,769000,766500,768000,780000,780000,799000,799000,844450,839000,880000,880000,877000,860000,860000,879000,855000,828500,857500,857500,862499.5,843500,848500,839000,877000,919950,919900,899000,888000,844000,865000,886000,826500,918000,879500,959000,970000,849000,899000,949000,949000,949000,986500,972000,969000,939000,998000,998000,1e+06,1084000,1188000,1199000,1200000,1234500,1249000,1249000,1250000,1249000,1239444.5,1199000,1200000,1248944.5,1250000,1289500,1289000,1299000,1294000,1299499.5,1329000,1300000,1299000,1384000,1389000,1399000,1425000,1426500,1499000,1445000,1428000,1399000,1428000,1413500,1399000,1469000,1493000
"60619","Chicago","IL","Chicago","Cook",14,,,,,,,,,,,,,,,,,,,,,,,,,,,,,,,,,,,,,,,,,,,,,,,,,,,,,,,,,,,,,,,,,,,,,,,,,,,,,155000,146500,146500,142450,138250,145000,152000,148000,148950,150000,149000,150000,140000,129900,129900,144900,144950,137900
"11221","New York","NY","New York","Kings",15,,,,,,,,,,,,,,,,,,,,,,,,,,,,,,,,,,,,,,,,,,,,,,,825000,849000,850000,867499.5,895000,879999.5,899000,899987,949000,977000,975000,980000,999000,999000,999000,999000,999499.5,1037000,1150000,1050000,1149999,1199000,1199000,1199000,1199000,1200000,1200000,1250000,1249500,1250000,1295000,1299000,1300000,1327000,1300000,1300000,1292500,1250000,1250000,1299000,1324500,1349995,1350000,1325000,1349997.5,1300000,1300000,1299000
"11207","New York","NY","New York","Kings",16,429000,429000,429000,430000,429000,419200,425000,419900,419000,425000,410000,399500,399000,399000,399000,398875.5,395000,395000,395000,392000,396500,399000,399000,399000,399000,399000,4e+05,399000,399999,419000,425000,439000,449000,449000,469000,479000,479000,479000,490000,499000,509000,509000,509000,499999,509000,519000,519000,519000,520000,525000,542500,549000,529000,539000,549000,569000,569000,575000,575000,587000,599000,599000,599000,599000,625000,650000,650000,689000,680000,699000,689000,650000,659999.5,650000,749000,749000,749000,750000,749500,795000,749000,749000,749000,749999.5,757500,775000,789000,799000,799000,799999,799999,799000,825000,849000
"44107","Lakewood","OH","Cleveland","Cuyahoga",17,110000,114900,113100,123500,119900,114950,124900,119900,115000,119500,114943.5,114500,114000,107250,104900,99700,99900,98250,98250,99900,99500,94997,99650,99900,109900,109950,1e+05,110000,114700,114700,109000,99500,99000,99375,105000,105450,109000,109900,112900,99990,107450,109000,105000,106500,1e+05,103000,1e+05,99000,95000,95000,98250,90000,99900,112450,119000,109900,119450,123700,124900,120400,119200,118500,123000,114900,112635,119000,118450,114900,119000,116900,119000,119950,119000,119900,123889.5,125900,129900,139900,139900,139500,138500,134900,145000,145000,148700,145000,134900,129900,144500,149000,150000,149900,150950,149900
"11377","New York","NY","New York","Queens",18,685000,739000,734000,739000,739000,728000,725000,728000,727000,724000,719000,725000,719999,719000,725000,704500,699000,704500,728500,739000,745000,749000,749000,749000,748000,724500,699900,729000,710000,704950,699450,689000,689000,697000,695000,697000,714500,675000,699000,699000,744500,759500,730000,750000,750000,769000,749000,799000,825000,842000,850000,875000,870000,868000,863500,868000,870000,870000,850000,854500,924500,999000,964500,998000,990000,1097500,1145000,1100000,1050000,998000,1e+06,960000,960000,998500,998999.5,1050000,1050000,1050000,1100000,1162000,1137500,1179000,1195000,1188444,1191944,1188888,1199000,1200000,1292500,1298000,1298500,1249499.5,1299800,1274000
"90044","Los Angeles","CA","Los Angeles-Long Beach-Anaheim","Los Angeles",19,251000,275000,250000,250000,249500,249000,242500,248000,230000,229900,222000,209700,231350,239000,232500,249999,248875,239000,235000,230000,230000,252450,249000,230000,230000,229900,247000,249500,254000,249000,259000,274900,264450,268900,289900,288700,304000,319950,320000,335000,346000,339000,337000,348500,354500,352000,365000,349900,350000,357450,372450,369000,374000,386950,390000,399000,399000,399000,399947.5,399947.5,395000,389000,387000,390500,390500,405000,410000,449999,425000,430000,425000,418000,425000,425000,449945,460000,485000,479000,480000,499000,499000,489000,480000,480000,479950,480000,492500,520000,529900,529000,525000,525000,536750,540000
"11234","New York","NY","New York","Kings",20,639000,650000,650000,649000,644000,650000,650000,649000,649999,623000,649000,6e+05,620000,649999.5,649000,634500,649500,629000,639000,634500,625000,649000,627000,649000,649000,649000,649000,639000,622000,629000,629900,649000,649000,644000,695000,699000,682500,675000,680000,679000,660000,679000,659000,659000,659000,659000,650000,675000,682000,690000,699000,699000,699000,699000,699499.5,699000,699000,699000,699000,696500,687000,698500,699000,699000,695000,698500,689000,698500,699000,729000,734000,739000,739000,749000,752500,771500,779000,779499.5,777499.5,750000,765000,759000,749500,749000,769500,799000,798000,804999.5,837000,809499.5,849000,859000,869000,849000
"60617","Chicago","IL","Chicago","Cook",21,,,,,,,,,,,,,,,,,,,,,,,,,,,,,,,,,,,,,,,,,,,,,,,,,,,,,,,,,,,,,,,,,,97750,85900,79000,75000,70000,74000,79900,92500,96500,89900,95000,99000,109000,1e+05,107450,1e+05,99900,99000,99000,97000,99900,1e+05,99000,97000,94900,94900,102500,105562.5,107000
"10314","New York","NY","New York","Richmond",22,575000,565000,569900,565000,569000,567000,564900,559900,564900,549894,549000,549900,549000,549000,549000,539900,545000,527000,524499.5,529000,535000,544500,549000,549000,537000,539000,535000,525000,539000,529000,509000,499900,509000,499900,499900,499450,498000,499000,497600,495000,495000,499000,499900,525000,525000,499450,499000,499450,565000,568500,572000,577000,579000,578500,569900,560500,579000,579000,595000,575000,575000,577000,580000,579500,592450,592450,587450,589900,589000,603950,646950,665000,674999,649450,649000,629000,637998,644000,679000,676200,676200,678500,697500,699000,719500,749900,745000,739900,717810,749450,744000,699900,749900,747000
"90026","Los Angeles","CA","Los Angeles-Long Beach-Anaheim","Los Angeles",23,,,,,,,,,,,,,,,,,,,,,,,,,,,,,,,,,,,,,,,,,,,,,,,,,,699000,699000,699000,759000,759000,799000,809000,762500,809450,799900,838000,827450,799000,850000,886500,825000,849500,854500,854500,849500,882000,895500,899000,949325,950000,974950,925000,937500,950000,989000,975000,975000,1050000,1050000,1089000,1195000,1185000,1150000,1150000,1149500,1089000,1092000,1114000,1141500,1180000
"11215","New York","NY","New York","Kings",24,,,,,,,,,,,,,,,,,,,,,,,,,,,,,,,,,,,,,,,,,,,,,,,,,1925000,1999000,2100000,2225000,2150000,1997500,1870000,1872500,1899500,1949500,2100000,2049500,2100000,2194500,2300000,2250000,2225000,2200000,2200000,2200000,2232000,2300000,2219000,2200000,2125000,2075000,2325000,2400000,2399500,2395000,2347500,2300000,2437500,2495000,2397500,2300000,2495000,2545000,2485000,2497500,2395000,2397000,2388000,2349500,2399000,2462000
"06010","Bristol","CT","Hartford","Hartford",25,172500,174900,174900,165700,164900,159900,159900,159900,159900,163000,169700,164900,159000,154000,149900,150000,157000,149900,147400,149900,157700,155900,159900,159500,159450,159900,149900,152450,154900,149900,149900,139900,139900,142450,149450,149000,142100,149900,143900,141000,135000,139900,149900,165400,169900,172900,156400,149900,149900,159900,159900,159900,157950,160000,160000,162000,159900,159450,159900,159900,155000,159000,159900,159900,154900,159900,159450,159900,159900,159900,159900,159900,157400,159900,159900,164900,164900,161000,161000,160400,155500,159900,155000,154900,154900,155000,154950,155000,165000,167900,162450,161000,149900,159900
"11211","New York","NY","New York","Kings",26,,,,,,,,,,,,,,,,,,,,,,,,,,,,,,,,,,,,,,,,,,,,,,,,,,,,,,,,,,,,2100000,2100000,2100000,2100000,2100000,2199999,2075000,2150000,2100000,2199999.5,2199999.5,2300000,1899000,1899000,2200000,2147000,2174500,2200000,2300000,2200000,2200000,2325000,2424500,2474500,2500000,2500000,2474500,2300000,2400000,2450000,2559000,2559000,2604500,2900000,2987499.5
"11385","New York","NY","New York","Queens",27,599000,599000,599000,599000,585000,579900,589900,590000,580000,590000,589000,586500,590000,599000,579499.5,577000,579499.5,585000,599000,599000,580000,599000,592500,589000,589000,599000,589000,599000,599000,589000,599000,579000,549000,549000,579000,589000,599000,620000,629000,642000,629000,639000,639000,639000,650000,675000,675000,719000,699000,688000,698000,688500,719000,729000,733500,738000,749000,789000,799000,799000,799999,829000,859900,888000,899000,899000,874000,859000,849000,859999,875000,899000,949000,949000,975000,975000,982500,999000,999000,999000,999000,998800,1050000,1050000,1050000,1175000,1180000,1249000,1200000,1164500,1100000,1155000,1099000,1097499.5
"11373","New York","NY","New York","Queens",28,749000,789000,769000,779000,789000,799000,799000,799000,779000,789000,789000,789000,789000,789000,789000,779000,779000,779000,789000,780000,799000,817000,807000,827000,825000,815000,849000,875000,859000,849000,854500,839000,848500,854500,888000,893000,849500,859000,849500,849000,850000,799000,814499.5,814499.5,864000,849000,864000,898500,899000,899000,912000,925000,995000,1118888,1121944,1125000,1100000,1100000,1100000,1100000,1019000,1199000,1150000,1150000,1150000,1132500,1100000,1115000,1165000,1160000,1180000,1195000,1250000,1230000,1238888,1290000,1250000,1200000,1192500,1250000,1215000,1125000,1150000,1150000,1185900,1248880,1294500,1195000,1290000,1350000,1354444,1363444,1383500,1400000
"60620","Chicago","IL","Chicago","Cook",29,,,,,,,,,,,,,,,,,,,,,,,,,,,,,,,,,,,,,,,,,,,,,,,,,,,,,,,,,,,,,,,,,,,,,,,,,,,,,,,,,,,159500,159250,149900,149900,149000,149000,149900,149450,149999,150000,144900,158950
"90019","Los Angeles","CA","Los Angeles-Long Beach-Anaheim","Los Angeles",30,,,,,,,,,,,,,,,,,,,,,,,,,,,,,,,,,,,,,,,,,,,,,,,,,,,,,,899000,904500,979000,925000,937500,965000,949949,970000,990000,902000,925000,930000,982500,932500,925000,925000,954500,1010315,1027400,1072500,1100000,1090000,1100000,1169500,1280000,1149500,1050000,1150000,1097000,1144500,1149500,1100000,1199500,1200000,1200000,1199000,1197450,1285000,1262500,1249000,1277000
"21740","Hagerstown","MD","Hagerstown","Washington",31,,,,,,,,,,,,,,,,,,,,,,,,,,,,,,,,,,,,,,,,,,,,,,,,,,,,,,,,,,,,,,,,,,,,,,,,,,,197450,188500,203500,204000,204000,203000,204000,226000,213750,202450,179000,178750,188250,202450,199925,189000,199925,189000,195000,210000
"11236","New York","NY","New York","Kings",32,549000,549000,529000,525000,519000,510000,510000,510000,5e+05,499000,499000,499000,499000,499000,499000,499000,498000,489000,489000,489000,498000,499000,499000,499000,498000,487000,481888.5,479000,485000,485000,489000,479000,489999,489000,485000,485000,489000,499000,499000,499000,499000,499000,499000,499000,5e+05,513500,499999,499000,509000,5e+05,509000,519000,519000,529000,539000,549000,545000,545000,549000,529000,525000,539000,534000,529000,549000,550000,549499.5,549000,550000,550000,549500,549000,549500,590000,610000,605000,599999,609999.5,629000,629000,620000,625000,639000,639000,644000,644000,649000,639000,649999,650000,649999,652500,657000,660000
"60628","Chicago","IL","Chicago","Cook",33,,,,,,,,,,,,,,,,,,,,,,,,,,,,,,,,,,,,,,,,,,,,,,,,,,,,,,,,,,,,,,,,,,,,,,,,,,,,,,60000,62500,58250,59450,60000,61450,69900,65000,63950,59900,65000,64450,60500,65500,69900,72000,81500
"10457","New York","NY","New York","Bronx",34,437000,420000,407500,419000,419000,399000,399000,399000,407000,407000,427000,415000,399000,399000,419000,425000,439000,439000,439000,441500,439000,444500,439000,429000,399000,399000,399000,399000,399000,399000,399000,399000,399000,419000,429000,419000,449000,459000,449000,429900,449000,469000,499000,499000,499000,519000,499000,459000,499999,499499.5,519000,499999,499000,499000,499999,499000,499000,499000,489000,494000,519000,519000,509500,489000,497000,489000,479000,489000,489000,489000,499000,499000,529000,529000,479000,489000,499947.5,499450,499000,499900,509999.5,594000,572499.5,620000,699000,699000,584000,589000,594000,589000,599000,599000,599000,599500
"90004","Los Angeles","CA","Los Angeles-Long Beach-Anaheim","Los Angeles",35,,,,,,,,,,,,,,,,,,,,,,,,,,,,,,,,,,,,,,,,,,,,,,,,,,,,,,,,,,,,,,,,,,,1e+06,1e+06,1074500,1135000,1135000,1157500,1079000,999000,987500,1150000,1199500,1297500,1295000,1272500,1275000,1200000,1200000,1250000,1249500,1214950,1249500,1249000,1270000,1272500,1297500,1249500,1286999.5,1300000
"60649","Chicago","IL","Chicago","Cook",36,,,,,,,,,,,,,,,,,,,,,,,,,,,,,,,,,,,,,,,,,,,,,,,,,,,,,,,,,,,,,,,,,,,,,,,,,,,,,,,172450,170000,170000,159900,150000,158000,159900,172450,174900,179949.5,180000,209000,203200,207400,199450,185000
"11218","New York","NY","New York","Kings",37,,,,,,,,,,,,,,,,,,,,,,,,,,,,,,,,,,,,,,,,,,,,,,,,,,,,,,,,,,,,,,,,,,,,,,,,,1399999,1299499.5,1299500,1299000,1450000,1599999,1647499.5,1722500,1597499.5,1595000,1595000,1600000,1595000,1547500,1595000,1550000,1599000,1599000,1550000,1499999.5,1485000,1549000
"90011","Los Angeles","CA","Los Angeles-Long Beach-Anaheim","Los Angeles",38,224900,235000,230000,232500,229000,229000,229450,235000,240000,230000,229000,223500,220000,220000,222450,215000,214900,219000,229450,2e+05,199900,201950,224900,222450,224950,225000,228500,225000,239450,234950,249949.5,270250,261500,264450,274600,295000,3e+05,299000,285000,295000,309000,310000,319000,335000,349444,349944,350000,371950,349000,349950,349500,346894,348888,349999,365000,399900,399900,385000,382500,375000,356550,375000,388950,384950,4e+05,405000,409900,410000,448950,419000,412500,415000,404999.5,419900,432500,435000,435000,435000,425000,430000,447500,450000,459000,460000,460000,470000,479000,484900,485000,492500,499000,499000,499499.5,499999
"11223","New York","NY","New York","Kings",39,849000,823250,828250,849000,849000,808250,849500,888000,849500,829000,830000,839000,830000,829000,829000,799000,799000,799000,799000,779000,774000,749000,749000,785000,739000,695000,749000,798000,786500,849000,799000,748000,749000,749000,769000,774000,784500,849000,849000,870000,875000,949499.5,929000,899000,899000,925000,883500,864000,859000,895000,898000,900005,895000,905000,899900,925000,949000,965000,999000,1038000,999000,1049000,1100000,1128000,1128000,1040000,999000,1099000,1060000,1145000,1194500,1175000,1199500,1200000,1277500,1278944,1249777,1200000,1199000,1199000,1196500,1195000,1199000,1199000,1198000,1198000,1199000,1250000,1245000,1294500,1350000,1264500,1199000,1199000
"10701","Yonkers","NY","New York","Westchester",40,352500,367000,357500,355000,350000,357500,377450,350500,364950,351000,382000,350000,325000,310000,3e+05,299999,3e+05,349000,379000,375000,379000,350000,349950,350000,350000,350000,350000,359000,349499.5,367000,375000,375000,375000,367450,399000,399000,384000,367000,359000,349500,359000,370500,385000,350000,365500,389900,349000,379499.5,395000,347000,385000,390003.5,385003.5,398500,389000,393750,379999,379000,367500,359000,339000,344000,359500,384000,389000,424007,421503.5,394000,399495,425000,425000,424000,387000,399000,391999.5,399990,425000,415000,385000,389999.5,350000,350000,369000,379000,397000,404987.5,425000,460000,466500,456000,444500,440000,439000,437000
"90731","Los Angeles","CA","Los Angeles-Long Beach-Anaheim","Los Angeles",41,,,,,,,,,,,,,,,,,,,,,,,,,,,,,,,,,,,,,,,,,,,,,,544500,539000,549000,510000,549000,624500,6e+05,599000,585000,599000,571950,558500,556750,564950,599499.5,609250,624000,675000,675000,649900,675000,634900,620000,589500,583500,527000,565000,583500,572500,599000,584500,602000,584000,595000,609000,670000,669500,670000,650000,639000,650000,650000,650000,632450,668500,668500,729500,685000,657250
"11208","New York","NY","New York","Kings",42,470000,459000,450000,449000,429000,425000,429000,419000,419000,415000,4e+05,399995,399000,399000,399000,373000,375000,373000,367900,366100,379000,378388.5,371000,373000,375000,375999,389990,396000,399000,425000,429000,427000,429000,429000,439499.5,439000,449000,449999,450000,465000,482500,489000,489000,489999,495000,499000,499000,499000,498499,499000,499000,499000,499450,499999,509000,525000,506500,519000,525000,525000,549000,569000,573500,575000,579000,595000,599000,599000,599000,599000,599000,6e+05,599000,599000,619000,639499.5,649000,649999,650000,650000,650000,650000,675000.5,679499.5,695000,669000,659999,679450,699000,699000,704500,709500,699000,699000
"60641","Chicago","IL","Chicago","Cook",43,,,,,,,,,,,,,,,,,,,,,,,,,,,,,,,,,,,,,,,,,,,,,,,,,,,,,,,,,,,,,299500,317500,322500,319000,339000,339000,349900,352450,339900,332450,329900,337450,349450,350000,330000,330000,349500,360000,369900,369000,344900,336950,359450,359450,330000,339000,359950,359900,359900,359900,367000,377500,378950,379900
"02301","Brockton","MA","Boston","Plymouth",44,,,,,,,,,,,,,,,,,,,,,,,,,,,,,,,,,,,,,,,,,,,,,,,,259900,254900,274900,269900,277450,279900,269900,269945,269945,269900,289900,289900,299000,289900,309949.5,319000,299450,325000,329900,325000,329500,329250,329700,339900,339900,339900,339900,344000,349900,341950,349900,349900,349900,349900,349000,359900,359900,350900,344900,349900,360900,379000,382500,372450,399900,392500,399000
"11204","New York","NY","New York","Kings",45,862500,849000,875000,831500,799000,792000,799000,867000,844000,849000,850000,850000,850000,849000,859000,888000,918000,918000,918000,899000,929000,939000,919000,898500,930000,895000,895000,899500,899000,899000,869000,894000,898000,868000,878000,888000,899000,894500,899999,899499.5,892500,958950,960000,899999,999525,999000,989500,960000,937500,968944,1000050,999999,1075000,1248888,1188000,1148000,1169444,1200000,1200000,1198500,1199500,1199500,1199000,1199500,1198000,1200000,1200000,1198000,1200000,1198500,1198000,1190000,1250000,1295000,1390000,1362500,1347000,1347000,1299000,1369000,1322500,1300000,1380000,1349000,1300000,1386500,1349000,1398000,1493500,1488000,1488000,1524499.5,1498000,1498000
"11219","New York","NY","New York","Kings",46,,,,,,,,,,,,,,,,,,,,,,,,,,,,,,,,,,,,,,,,,,,,,,,,,,,,,,,,,1200000,1200000,1299000,1365000,1474000,1389500,1350000,1490000,1399000,1468444,1488888,1400000,1423500,1423500,1469444,1400000,1399444,1494500,1499000,1548000,1499000,1499000,1549500,1549500,1590000,1589000,1639500,1640000,1598000,1554000,1590000,1499999,1498000,1498000,1499000,1499000,1499000,1499000
"11213","New York","NY","New York","Kings",47,,,,,,,,,,,,,,,,,,,,,,,,,,,,,,,,,,,,,,,,,,,,,,,,,,,,,,,,,,,,,,,,,,,999000,994000,999000,999000,1100000,999000,999000,999000,999000,1125000,1100000,1200000,1200000,1199000,1199000,1175000,1198500,1174500,1172500,1150000,1150000,1199000,1200000,1299000,1299000,1299000,1300000,1275000
"11368","New York","NY","New York","Queens",48,695000,689900,680000,672000,660000,650000,650000,669000,650000,650000,657000,650000,650000,630000,630000,649950,650000,660000,685000,672000,675000,659000,659000,660000,659000,659000,650000,644500,659000,649000,649000,637000,649000,649999.5,690000,692500,698500,699000,699000,699000,699000,699000,699000,726000,789999,795000,749500,769000,769000,749000,769000,788400,799000,809500,849500,843950,849000,873800,899900,899450,930000,930000,930000,955000,980000,1088500,1088500,950000,919000,919000,950000,996500,987450,998000,1050000,1048000,999999,1004444,999999.5,1e+06,1093500,1150000,1150000,1150000,1150000,1180000,1150000,1150000,1194500,1198000,1196500,1250000,1250000,1237000
"06516","West Haven","CT","New Haven","New Haven",49,199900,199900,211850,219900,219900,219900,199900,215000,199450,192950,195900,199900,199900,199900,199900,199900,199900,191950,179900,179900,177400,179900,197000,195000,192500,189000,189900,189900,199000,189900,189900,190700,189900,190700,209000,205700,209000,199000,211950,211950,209000,204000,199900,212400,199900,189900,188450,179950,185000,179900,179900,188450,194950,179450,183500,189500,187400,179900,194950,174900,170700,169900,182400,199900,212000,229000,229000,225000,220000,219900,199900,205000,205950,199900,199850,194650,199900,205000,210200,212750,209900,209250,210000,207500,214900,209000,215900,219900,235000,237400,234900,234900,232450,229950
"11203","New York","NY","New York","Kings",50,495000,489000,480000,469000,462495,465000,480000,482500,490000,485000,492500,469000,459495,450000,450000,450000,440000,449000,450000,449000,450000,450000,479000,475000,469000,469000,453500,449000,442499,449000,475000,475000,475000,479000,499000,499000,499000,499000,499000,518000,529000,530000,549000,549000,554950,559000,572000,575000,575000,575000,599000,579000,569000,563500,569000,569450,568000,536750,535000,549000,549000,568000,569000,599000,6e+05,599000,629000,599999,579000,599000,595000,572000,588500,599999,642000,671500,645000,669000,682000,689000,699000,699000,699000,699000,699000,699000,689000,699000,670000,679500,699000,699000,699000,7e+05
"11220","New York","NY","New York","Kings",51,780000,762500,790000,8e+05,799000,799000,810000,799500,810000,831500,805000,799000,799000,820000,799000,799000,825000,825000,825000,825000,825000,812500,794500,790000,839000,875000,839000,785000,799493.5,794500,799987,818000,824000,814500,870000,859000,799000,849500,899000,899000,899000,899000,899000,950000,939000,979000,995000,1090000,1050000,999000,999000,1115000,1150000,1200000,1193500,1199000,1130000,1160000,1199999,1239000,1249000,1283500,1249500,1280000,1260000,1299999,1299999,1300000,1299000,1324500,1393500,1388000,1381500,1399000,1399000,1488000,1488000,1399000,1491500,1499500,1439400,1500000,1499000,1500000,1549000,1549500,1588000,1500000,1524000,1548500,1519000,1550000,1597000,1597000
"60637","Chicago","IL","Chicago","Cook",52,,,,,,,,,,,,,,,,,,,,,,,,,,,,,,,,,,,,,,,,,,,,,,,,,,,,,,,,,,,,,,,,,,,,,,,,,,,,,,155000,147000,144900,145950,139900,144950,138450,149000,155449.5,159900,150000,149700,149900,140000,137500,144250,150000
"12180","Troy","NY","Albany","Rensselaer",53,,,,,,,,,,,,,,,,,,,,,,,,,,,,,,,,,,,,,,,,,,,,,,,,,,,,,,103000,101499.5,101450,99900,98900,99000,94750,94698,95000,95700,92148,86000,89450,90000,90000,94900,95000,87999,86100,87999,75000,75000,82450,95000,99000,99900,97450,93950,95950,98400,94900,95252,94949.5,99450,1e+05,109000,114900,119900,120900,129900,124000
"60608","Chicago","IL","Chicago","Cook",54,,,,,,,,,,,,,,,,,,,,,,,,,,,,,,,,,,,,,,,,,,,,,,,,,,,,,,,,,,,,,,,,,,,,,249000,249450,268000,279450,274900,277450,267000,267000,280000,275000,275000,275000,275000,259000,259900,279978,289000,306500,299000,310000,316950,310000,324500,325000,327500,359500
"01201","Pittsfield","MA","Pittsfield","Berkshire",55,159450,159900,159000,152450,152450,149900,149900,147000,149450,149900,153950,154900,149900,144900,144500,139900,139900,139900,139000,139000,138500,139000,139000,137000,137000,130000,135500,139900,140000,139900,139000,139000,137000,136000,129900,122000,125000,114700,127450,134900,131450,132900,134450,119997.5,119947.5,119900,119900,114900,115000,119900,119950,114500,109900,112499.5,119900,124950,129900,130000,129900,122900,125000,125000,129900,129000,125000,129900,131750,139000,139000,132400,129900,129900,129900,129900,119900,121900,129900,129000,129900,129900,129450,129450,122500,120000,117500,112450,119900,125500,138000,124900,124900,125000,129900,125000
"02151","Revere","MA","Boston","Suffolk",56,331950,324900,324900,339000,349000,339000,339900,339444,349700,344900,349950,350000,349000,330000,339000,339000,341500,314949.5,299999,299450,299900,304950,299900,3e+05,329000,310500,299950,3e+05,320000,319900,319450,349900,352375,344900,359900,372400,399450,394450,372485,374935,359992.5,379900,364900,371950,389450,389937,407000,399757,397328.5,429999,399757,399900,4e+05,434900,434900,429000,434900,432449.5,429900,429900,427000,445000,425000,419000,399900,439394,452450,475000,475000,479900,479895,477450,491993.5,477450,472450,449900,469900,499900,499900,499900,499999,525000,499949.5,499900,499949.5,489950,500444,539450,554000,549900,543000,619900,599450,599900
"06457","Middletown","CT","Hartford","Middlesex",57,,,,,,,,,,,,,,,,,,,,,,,,,,,,,,,,,,,,,,,,,,,,,,,,,,,,,238950,217450,217449.5,217449.5,224999,214900,199900,199450,199900,219900,219450,202450,190000,184500,189900,182400,179900,179900,184900,179848,175000,174950,169900,172400,179450,179000,169900,172200,172200,195000,197450,195000,195000,179300,173000,199900,214000,199900,206900,206900,209900,187200
"02780","Taunton","MA","Providence","Bristol",58,,,,,,,,,,,,,,,,,,,,,,,,,,,,,,,,,,,,,,,,,,,,,,,,,,225000,199900,199900,219450,225000,239000,234750,249900,229700,249900,238700,249950,250000,250000,249950,264900,239000,244900,247450,259000,269000,269450,269000,259900,257400,257400,254900,254900,259900,254450,244900,249900,254900,259900,249900,274000,274000,281400,284900,289900,289900,299900,299900,294900,299900
"90042","Los Angeles","CA","Los Angeles-Long Beach-Anaheim","Los Angeles",59,,,,,,,,,,,,,,,,,,,,,,,,,,,,,,,,,,,,,,,,,,,,,,,,,,,,,,,,,,,,,,,,,,,,,,,,,,716500,689000,699000,751888,786500,749000,749000,769000,801500,765000,775000,782000,765000,854500,825000,799000,751750,749000,751750,789000,799450
"10466","New York","NY","New York","Bronx",60,449000,449000,450000,450000,469000,458000,455000,458500,450000,450000,450000,449000,430000,429000,430000,429000,430000,425000,427000,429500,422500,425000,425000,399999,399999.5,429000,422000,439000,430000,429000,453000,475000,472500,479000,479000,479000,479000,475000,475000,469000,475000,484000,475000,499000,499000,499000,499000,489000,479000,479000,489000,479000,479000,479000,485000,479000,475000,475000,469000,469900,459000,457000,459000,459000,459000,469000,499000,529000,529000,539000,499000,5e+05,499500,525000,519000,525000,525000,525000,525000,549000,559000,569000,579000,579000,579000,579000,572500,569000,579000,575000,579000,555000,550500,560000
"60402","Berwyn","IL","Chicago","Cook",61,,,,,,,,,,,,,,,,,,,,,,,,,,,,,,,,,,,,,,,,,,,,,,,169900,180000,179500,179500,178250,180000,179500,180000,194999,209900,222500,234900,234900,229900,195699.5,215000,219900,239000,239700,239999,240000,239900,239000,238888,239000,238844,234999.5,239000,245000,249999.5,259900,255900,269000,257400,249900,249000,244950,254900,259000,262450,260900,269000,269000,249900,249000,256950,265000,267450
"07003","Bloomfield","NJ","New York","Essex",62,320000,329250,329500,330000,325000,322500,325000,319900,320000,322500,324500,319000,319450,319000,299000,297000,289000,280000,282000,289500,289000,299000,295000,295000,289450,275000,260000,259000,279000,266940,260000,259900,279000,274450,279000,269900,292460,292460,277000,285000,287450,280000,299000,294500,299000,285000,275000,259777,258450,275000,275000,290000,299000,299000,310000,299499.5,310000,299000,277000,275000,269900,269000,282450,284950,289000,315000,319000,299000,319000,294950,294500,290000,279900,295000,302450,295000,289500,305000,299000,292500,293000,279950,279450,279000,279000,279000,292772,285000,282450,294500,317450,319950,317450,369900
"63116","Saint Louis","MO","St. Louis","Saint Louis City",63,,,,,,,,,,,,,,,,,,,,,,,,,,,,,,,,,,,,,,104450,110450,114900,109900,114900,122000,119000,115000,124900,119900,119450,126950,129000,129450,122450,133450,112500,104900,108250,119000,119000,119000,115000,115000,119900,105000,118900,119900,119900,119900,115000,130000,129900,122450,105000,115000,119900,139450,137450,132400,124950,117000,125000,124950,138900,156500,135000,135000,132500,122500,129000,144900,154900,154900,149950,154950,152000
"60639","Chicago","IL","Chicago","Cook",64,,,,,,,,,,,,,,,,,,,,,,,,,,,,,,,,,,,,,,,,,,,,,,,185000,189950,185000,153750,169900,179900,179900,187450,189900,193000,196000,189900,196000,199000,189950,189450,199900,2e+05,226200,234900,235000,235000,242500,249999,249999,240000,235500,244900,239900,255000,262450,274850,270000,262400,264990,269000,264995,264990,259450,265000,264245,264990,262000,269450,267000,279500,294894,299000
"10472","New York","NY","New York","Bronx",65,499000,499000,490000,487000,480000,480000,465000,465000,484500,485000,467497.5,480000,475000,450000,459000,450000,454500,459000,459000,459000,459000,464500,475000,459000,470750,470750,469000,469000,459000,475000,469000,469000,459000,459000,459000,459000,459000,459000,459000,459000,479000,480000,499000,499000,529000,529000,529000,529000,529000,515000,529000,499000,499000,499000,529000,499000,529000,499000,539000,549000,499000,506000,495000,485000,499000,549000,549000,554500,549000,575000,559000,547000,559000,564500,554000,499000,499000,460000,525000,525000,539000,559500,560000,579000,599000,649000,579000,577000,559000,577000,575000,589000,594000,579000
"10473","New York","NY","New York","Bronx",66,499000,499000,489000,485000,485000,485500,485000,490000,489000,499000,489000,489000,485000,479000,475000,449500,459000,459000,475000,475000,459999,449000,449000,449000,449000,452500,432000,425000,489000,489000,465000,454500,425000,450000,475000,479000,469000,449900,429000,429000,429000,424000,434500,449000,459999,469000,464500,464500,469500,478000,498000,465000,459000,447000,459000,455000,455000,454100,460000,460000,449000,449000,449000,449500,455000,474450,479000,464600,450000,475000,450000,487000,485000,487500,499000,490000,479000,479500,479000,489000,479000,479000,529000,559000,559000,530000,549000,550000,589000,594000,575000,575000,575000,575000
"60630","Chicago","IL","Chicago","Cook",67,,,,,,,,,,,,,,,,,,,,,,,,,,,,,,,,,,,,,,,,,,,,,,,,,,,,,334900,354500,358500,359500,349000,339500,339500,349000,350000,372400,375000,350000,369999,368500,368500,375000,379900,377000,363700,377000,369999,399000,399000,399000,387000,399990,399000,399945,399450,414900,417450,415000,415000,410000,399900,397950,399900,415000,399000,399000,399900,399000
"11434","New York","NY","New York","Queens",68,427000,444000,429000,419000,399900,419000,399000,414500,427000,420000,426750,422000,425000,422000,4e+05,399000,399990,399000,399000,405000,410000,429000,439000,439000,450000,439000,446450,439000,429950,439900,459000,459000,449000,454000,465000,459000,459000,449950,449900,449000,469000,485000,499000,499000,499000,499000,499000,519000,519000,499000,525000,525000,550000,549000,549000,549900,549000,560000,569000,539000,529000,515555,515555,529000,549000,569499.5,554499.5,549000,569999.5,570000,585000,599000,599000,599000,599000,625000,609450,599999,630000,649000,649000,649000,677000,699000,699000,699000,699000,675000,659800,649999.5,649000,679399.5,689999,689000
"11224","New York","NY","New York","Kings",69,,,,,,,,,,,,,,,,,,,,,,,,,,,,,,,,,,,,,,,,,,,,,,,,,,,,,,,,,,,,,,,,,,,,,,,,,,,,,,,977000,879000,839500,849000,849000,849000,849000,824000,799000,824000,827706,854000,888000,908500,924000,987000
"11691","New York","NY","New York","Queens",70,349950,335000,335000,350000,350000,350000,349000,350000,350000,349499.5,339000,315000,315000,315000,315000,299000,299000,305000,305000,325000,319999,305000,322499.5,319999.5,327000,329000,349000,342000,329000,329000,329000,299999,299000,299000,299999,304499.5,299000,299000,329000,327630,339250,329000,339000,360000,371995,389450,389000,395000,398000,399000,396500,380000,380000,380000,379000,399000,4e+05,4e+05,419000,422450,422450,420000,420000,420000,419000,439000,419000,410000,414500,399000,412500,404499.5,399999,439000,449450,490000,499000,499000,495000,459000,449000,444000,450000,449000,454000,439000,449000,475000,479000,499000,469000,499000,499000,489000
"58104","Fargo","ND","Fargo","Cass",71,,,,,,,,,,,,,,,,,,,,,,,,,,,,,,,,,,,,,,,,,,,,,,,,,,,,,,,,,,,,,,,,,,,,,,,,,,,,193700,192250,194500,194900,195200,189900,190400,195000,195000,195000,196682,192450,192250,195000,195000,195000,195000,189900,182500
"13760","Union","NY","Binghamton","Broome",72,105000,112900,104950,112450,115500,101450,102900,99950,101450,101450,102900,99900,99900,97250,95279,99900,103786,99900,102950,99900,99400,94500,94389.5,89900,87500,85475,85675,80000,83900,88700,88700,89900,87300,75000,88150,88150,94450,89513,94900,99500,98000,93200,94700,90450,99900,95500,89450,92450,89500,84900,84450,84300,85000,89900,95000,89250,89700,89700,89900,89500,89500,89700,89500,89000,89500,90000,94450,89250,89000,89000,98000,93950,79900,79900,89900,90000,101200,95000,95000,88950,90000,98200,97000,96000,98900,96750,95000,95000,94950,95000,98450,96500,94950,89900
"60804","Cicero","IL","Chicago","Cook",73,,,,,,,,,,,,,,,,,,,,,,,,,,,,,,,,,,,,,,,,,,,,,,,,,,,,,,,,,,,,,,,,,,,155500,149950,149700,168900,167900,159900,150999.5,149949.5,152449.5,149900,159900,157900,152400,154900,149950,149900,157000,155000,160000,165000,175000,169949.5,170070.5,177450,189900,185000,184900,184745
"16001","Butler Township","PA","Pittsburgh","Butler",74,,,,,,,,,,,,,,,,,,,,,,,,,,,,,,,,,,,,,,,,,,,,,,,,,,,,,,,,,,,,,,,,,,,,,,,,,76000,75950,75400,72400,74900,77450,80000,85205,80000,81000,80000,80500,79500,77250,79700,79900,86900,85900,89900,89900,84900,77450
"10469","New York","NY","New York","Bronx",75,479000,484900,479000,479000,470000,469000,475000,475000,479000,469000,470000,469000,465000,449900,449000,440000,449500,449000,449000,439000,429000,425000,439000,439000,429499.5,427000,442499.5,439999.5,439499.5,449000,445000,447000,445000,449000,450000,459900,469000,479000,490000,482000,479000,475000,459000,499000,499000,499000,499000,489000,499000,498000,489000,498000,499000,499000,499000,499000,529000,569000,589000,527000,549000,549000,519000,499999,499000,529000,579000,579000,550000,567499.5,495000,495000,549000,552500,549000,549000,529000,549000,575000,579000,579000,589990,599000,599000,599444,619000,599000,577000,579000,587000,579000,575000,575000,575000
"53081","Sheboygan","WI","Sheboygan","Sheboygan",76,,,,,,,,,,,,,,,,,,,,,,,,,,,,,,,,,,,,,,,,,,,,,,,,,,,,,,,,,,,,,,,,,,59900,66200,62000,64900,69900,68900,63500,62500,58000,62900,64500,67000,67900,67250,64400,62900,64400,73500,74900,74900,74900,74900,72400,79000,78900,79000,82000,82000,79900
"53215","Milwaukee","WI","Milwaukee","Milwaukee",77,,,,,,,,,,,,,,,,,,,,,,,,,,,,,,,,,,,,,,,,,,,,,,,,,,,,,,,,,,,69900,69900,65500,69900,73500,69900,69900,80675,83750,85000,85900,79000,80125,82875,84900,70000,70000,70000,77825,80875,85000,85000,81450,81325,81450,87500,80325,90000,99900,94400,92200,99000,99900,92500,99900,99900
"10312","New York","NY","New York","Richmond",78,690000,684500,694500,684950,699000,699000,670000,670000,669000,655000,649499.5,629000,639000,639900,635780,644500,639900,628950,619000,629000,619000,624999.5,639950,625000,649900,620800,644900,639900,623800,624900,655000,657000,654500,659900,669000,670000,675000,675000,675000,697000,699000,699000,699000,697000,692450,697000,699000,709499.5,749000,749000,739000,737000,749900,704000,729000,699950,724999,754000,699950,728800,769900,769900,759000,759000,719000,769000,697450,699000,699900,739000,705325,729900,724950,694999.5,699000,694999,686999.5,695000,695000,674000,649899.5,719250,824499.5,769000,863950,835000,812000,849000,839000,839000,859900,859000,849000,825000
"60632","Chicago","IL","Chicago","Cook",79,,,,,,,,,,,,,,,,,,,,,,,,,,,,,,,,,,,,,,,,,,,,,,,,,,,,,,,,,,,,,,,,,,,,,,,,,,,189000,187200,189000,179900,176450,179450,184950,184900,179900,184000,179450,179900,199900,2e+05,215000,209949.5,199900,189900,182450,194500
"10461","New York","NY","New York","Bronx",80,574000,581500,557000,555000,535000,529000,529000,529000,519000,519000,499000,490000,485000,482500,499000,490000,490000,495000,487000,489000,489000,489000,490000,499000,499000,482500,479000,479000,479000,479000,495000,479000,465000,489000,495000,495000,495000,489900,489000,502500,544000,585000,619000,619000,610000,635000,649000,620000,599450,599000,599000,599000,569000,569000,535000,529000,529000,547450,579000,579000,529000,529000,529000,539000,550000,529000,546850,550000,570000,550000,577000,579000,597450,621950,679000,675000,679000,679000,679000,679000,649000,649000,649000,650000,669000,674750,625000,625000,625000,625000,629000,639000,650000,649000
"70115","New Orleans","LA","New Orleans","Orleans",81,,,,,,,,,,,,,,,,,,,,,,,,,,,,,,,,,,,,,,,,,,,,,,,,,,,,,,,,,,,,,,,,,,,,,,,,,,,499000,434000,399000,449000,419450,449000,445000,450000,450000,467000,475000,459000,454000,499000,462500,459000,504500,454500,499450,5e+05
"02860","Pawtucket","RI","Providence","Providence",82,139450,149999,149900,149900,149900,156900,156900,159900,159900,149900,149900,147450,144900,145000,145900,129900,139950,129900,129900,129900,129900,135000,120500,121000,119900,119900,119900,120000,119000,119900,109900,115450,124500,124500,128000,127950,128000,114950,132400,134950,139900,139900,144450,136450,149850,150000,148900,150000,155000,159900,169900,169900,174900,167450,160000,160000,159900,159950,159900,152900,159900,164900,163900,165000,169900,169000,175000,177000,159900,169900,164900,159000,159000,159000,165000,174900,179000,174900,169900,176950,188950,188900,185000,189900,189900,189900,189900,204000,214900,219000,215000,214950,199900,218500
"44111","Cleveland","OH","Cleveland","Cuyahoga",83,,,,,,,,,,,,,,,,,,,,,,,,,,,,,,,,,,,,71900,61700,65000,69900,69900,72900,59950,59900,63500,69950,69900,69000,69000,67000,69000,67450,62500,65000,66500,66950,66950,65000,59900,64900,59900,69450,67000,67000,69450,67000,65000,65450,69900,68450,69950,69990,69995,75900,74750,79900,84900,79990,78000,79900,79900,74900,79450,79995,86900,79900,89900,84900,82400,82250,82000,79950,80950,79900,89900
"14609","Rochester","NY","Rochester","Monroe",84,,,,,,,,,,,,,,,,,,,,,,,,,,,,,,,,,,,,,,,,,,,,,,,,,,,,,,,,,,,,,,,,,,,,,,,,,,,,,,,,49900,49900,53450,54900,49900,49900,49900,52500,55000,58450,59900,59900,62400,67000,65450
"18702","Wilkes-Barre","PA","Scranton","Luzerne",85,,,,,,,,,,,,,,,,,,,,,,,,,,,,,,,,,,,,,,,,,,,,,,,,,,,,,,,,,,,,,,,97450,90000,95000,99000,99450,96500,98000,89900,85000,79900,77000,71040,69950,75000,83500,82900,79900,74900,73900,74900,74950,73900,75000,72900,76450,74450,74900,77500,80000,81750,84900,81750
"44118","Cleveland Heights","OH","Cleveland","Cuyahoga",86,,,,,,,,,,,,,,,,,,,,,,,,,,,,,,,,,,,,,,,,,,,,,,,,,,,,,,,,,109900,107450,109950,101500,107250,94900,105000,109950,110000,110000,107450,99900,1e+05,109950,110000,110000,110000,110000,107000,109000,109450,109000,114000,109950,99900,103700,109950,109950,99900,99900,102400,119500,119750,124950,127000,139000,139900,145000
"90018","Los Angeles","CA","Los Angeles-Long Beach-Anaheim","Los Angeles",87,,,,,,,,,,,,,,,,,,,,,,,,,,,,,,,,,,,,,,,,,,,,,,,,,,,,,,,,,,,,,,,,,,,,,635000,637000,587000,652000,624000,639000,639000,639000,654000,659000,673900,689000,750000,795000,749000,740000,749000,699000,744500,777500,725000,725000,744250,760000,799000,769000
"90003","Los Angeles","CA","Los Angeles-Long Beach-Anaheim","Los Angeles",88,232500,249900,229950,230000,229950,229000,230000,237000,230000,234500,230000,220000,205000,207900,206450,210000,220000,220000,225000,223000,222900,230500,242500,235000,239900,234000,235000,244900,250000,247000,224500,244000,239000,245000,249000,259000,265000,285000,3e+05,325999.5,324995,325000,324999,347000,329000,330000,330000,320000,324900,327475,350000,349000,350000,345000,350000,397375,369500,379900,377450,377000,375000,399999,4e+05,409000,389000,380000,379950,379450,391745,395000,409999,429000,417500,409999,409000,394745,399000,4e+05,414999,425000,428000,429900,459000,459000,473500,480000,479950,485000,490000,480000,498998,499000,499000,499000
"90047","Los Angeles","CA","Los Angeles-Long Beach-Anaheim","Los Angeles",89,,,,,,,,,,,,,,,,,,,,,,,,,,,,,,,,,,,,,,,,,,,,,,,,,,,,,,,,,,,,407450,389900,394500,402500,384000,379000,398000,399800,414900,395000,394000,394000,404000,425000,429500,459000,439000,435000,440000,437000,440000,450000,455000,475000,475000,495000,499900,499949.5,499999.5,5e+05,499450,499949.5,499999,515000,537450
"90016","Los Angeles","CA","Los Angeles-Long Beach-Anaheim","Los Angeles",90,,,,,,,,,,,,,,,,,,,,,,,,,,,,,,,,,,,,,,,,,,,,,,,,,,,,,,,,,,,,,,,585000,629000,626000,615000,595000,599500,599000,586900,597500,6e+05,6e+05,629990,624900,650000,693500,699000,699000,7e+05,797000,850000,812500,797500,844499.5,849000,875000,850000,859500,807000,805000,8e+05,799450,825000
"33161","North Miami","FL","Miami-Fort Lauderdale","Miami-Dade",91,,,,,,,,,,,,,,,,,,,,,,,,,,,,,,,,,,,,,,,,,,,,,,,,,,,,,,,,,,,,,,,,,,,,,,,,,,,,,,,,,,357450,364900,367000,369000,369500,364450,369000,370000,354950,379000,369000,369900,369450
"11222","New York","NY","New York","Kings",92,,,,,,,,,,,,,,,,,,,,,,,,,,,,,,,,,,,,,,,,,,,,,,,,,,,,,,1995000,1897500,1897500,1850000,1850000,1774500,1650000,1644000,1899000,1979000,2174500,2200000,2149500,2e+06,2e+06,2e+06,2100000,2100000,2100000,2100000,2100000,2150000,1999500,2125000,2195000,2197500,2175000,2199000,2200000,2224500,2100000,2049500,2049500,1987500,2099000,1975000,2300000,2350000,2350000,2214500,2280000
"90022","East Los Angeles","CA","Los Angeles-Long Beach-Anaheim","Los Angeles",93,,,,,,,,,,,,,,,,,,,,,,,,,,,,,,,,,,,,,,,,,,,,,,,,,,,,,,,,,,,,,,,,,,,509900,495000,495000,495000,509990,510000,517000,524000,529000,550000,574000,550000,5e+05,540000,524500,527000,524500,487500,5e+05,527000,560000,569000,549950,525000,539000,544450,536400,536400
"90037","Los Angeles","CA","Los Angeles-Long Beach-Anaheim","Los Angeles",94,,,,,,,,,,,,,,,,,,,,,,,,,,,,,,,,,,,,,,,,,,,,,,,,399900,399900,394950,384900,395000,395000,384900,384949.5,419000,429000,419950,425000,4e+05,399974.5,405000,420000,404900,414950,465000,450000,450000,460000,475000,470000,515000,515000,483450,499999.5,480000,510000,486900,464500,499000,499000,489000,489000,460000,485000,499900,505000,520000,530000,525000,544250,550000,559950,538500
"13021","Auburn","NY","Auburn","Cayuga",95,,,,,,,,,,,,,,,,,,,,,,,,,,,,,,,,,,,,,,,,,,,,,,,,,,,,,,,,,,,,,,,,,,,,,,,,,,,,,,,79400,77400,78150,74900,74900,69900,77400,79900,77400,74900,79900,79900,73750,69900,70450,65000
"13601","Town of Watertown","NY","Watertown","Jefferson",96,,,,,,,,,,,,,,,,,,,,,,,,,,,,,,,,,,,,,,,,,,,,,,,,,,,,120000,124000,119950,133950,115000,114000,101950,116000,109850,102450,116500,112400,109900,112450,115500,117000,118900,117950,110000,109900,110000,110000,109000,109900,109900,104900,109900,109900,98745,97945,99450,113500,99000,96450,89995,99000,99450,89950,102450,99900,102500,92000,1e+05
"45211","Cincinnati","OH","Cincinnati","Hamilton",97,,,,,,,,,,,,,,,,,,,,,,,,,,,,,,,,,,,,,,,,,,,,,,,,,,,,,,,92400,94900,87450,90950,98000,85000,82250,93700,89900,82450,84950,87450,92000,94900,99900,99900,99950,99450,98750,99900,96750,89950,95000,89900,91250,89950,92500,98500,99900,102500,98500,1e+05,90782,92500,97500,99900,97000,96000,97000,87000
"14701","Jamestown","NY","Jamestown","Chautauqua",98,,,,,,,,,,,,,,,,,,,,,,,,,,,,,,,,,,,,,,,42250,44999,42500,47000,47000,47000,49700,47625,45850,47000,44350,44000,44000,39900,39900,39350,39700,39900,39000,39900,44750,45000,44950,39800,39000,39350,39900,39900,39900,43400,43500,41100,39700,41900,39700,34900,36200,36200,34900,34900,34000,34900,33100,37000,38900,38900,36700,34200,33300,33600,33600,33750,34100,34400,34000,37400
"53214","West Allis","WI","Milwaukee","Milwaukee",99,,,,,,,,,,,,,,,,,,,,,,,,,,,,,,,,,,,,,,,,,,,,,,,,,,,,,,,,,,,,,,,,,,,,,,,,,,,,,132450,138900,139000,129900,132400,134900,129450,124450,129000,129900,129900,130000,134000,129900,136950,147200,139900,139900
"11561","Long Beach","NY","New York","Nassau",100,552500,557000,549500,533750,535000,542000,548500,586999.5,591999.5,599000,589000,579000,579000,574000,549000,549000,564000,549000,599000,579000,595000,591900,614500,606750,599000,599000,528450,569000,569000,539000,532000,519000,549000,519000,499000,492000,485000,499000,499000,549900,569000,572000,569000,569000,572000,579000,567500,559000,577000,579000,564500,579000,559500,559000,557500,550000,549000,549000,549500,559000,549000,559000,569000,569000,559500,576000,549000,549000,569000,575000,575000,576000,549250,549000,575000,549990,589000,569000,599000,599000,626500,629000,621950,654000,637000,659000,679000,649444,638000,649000,662444,667000,693000,694500
"02740","New Bedford","MA","Providence","Bristol",101,179900,189500,179900,177000,172500,169900,173750,179900,175000,175000,174900,169900,169900,169900,163350,159900,160950,162000,160000,159900,161000,159000,159900,159000,159450,149900,156400,149900,157900,159900,164900,159900,149900,149900,152400,149900,149900,149900,149900,149900,154900,149900,149900,149900,149900,152400,150000,154900,155000,162400,167300,168850,184900,187000,183500,189000,182950,187950,190000,178750,190000,159900,160000,149900,149900,149900,149900,171400,172000,169900,179900,185000,174450,169450,171450,169900,164900,164900,162000,179000,179900,179900,179450,159900,154950,169900,179900,179900,179900,180450,184900,187450,199900,187450
"06790","Torrington","CT","Torrington","Litchfield",102,159000,153450,149000,139900,139900,139900,139700,136250,134950,137500,147000,149499.5,139900,146250,144350,139900,139900,139900,139900,134500,139900,129900,128900,126450,129900,129900,129900,129900,129900,122450,119900,119900,119900,119900,122400,126000,125000,120000,119900,119900,119900,119900,119900,119900,119900,119900,119900,119500,119900,121000,125400,119900,134949.5,130900,129900,122400,119900,132449.5,129900,122450,115000,112450,114900,117450,119950,119800,115450,117500,117500,118700,117500,117500,104900,110250,119900,119900,119450,124900,124999.5,125000,126250,124999.5,126500,115000,112000,111187.5,110187.5,127500,123900,119900,119900,122450,129900,125000
"01420","Fitchburg","MA","Worcester","Worcester",103,,,,,122449.5,129900,129900,134900,126000,124950,125000,119450,122400,129900,139000,125000,119900,122450,125900,130000,135000,132450,122450,122450,119900,119900,122450,126450,130000,127900,127900,127900,127900,126000,131900,128450,117450,113900,112900,119900,132400,135000,142449.5,139900,139900,137150,136900,146450,149300,146950,144800,142900,144800,145900,143450,140000,140000,139900,145450,135900,134900,129000,129000,134850,141950,137500,142450,145500,139900,142000,140450,138950,143450,138450,136000,137000,128950,149900,144900,139650,139900,159900,144900,148500,139900,144900,162400,152450,155000,149900,164950,182400,177450,184000
"11435","New York","NY","New York","Queens",104,440000,462000,459000,449000,449000,445000,405000,405000,449000,449000,449000,449999,429000,429000,430000,437000,440000,439000,379800,417930,410000,419000,409500,379000,422000,419000,399000,399999,399000,399000,399000,399000,399999,409000,424500,419450,440000,448000,494999,492499.5,472000,404499.5,469000,490000,499000,519000,519450,520000,520000,5e+05,5e+05,499000,489000,494999,494999,495000,497000,499000,495000,499000,542500,554950,599000,599000,589000,589000,589000,569000,569500,629000,629000,629000,649999,675000,699000,654999,654999.5,675000,599999,630000,699990,699990,699000,819000,819000,819000,712500,699000,712000,699000,699000,699000,699000,735000
"02149","Everett","MA","Boston","Middlesex",105,,,,,,,,,,,,,,,,,,,,,,,,,,,,,,,,,,,,,,,,,,,,,,,,,,,,,,,,,,,,,,,,,,,,,,,,,,,479999,459950,454950,489900,499900,498950,499950,527450,527450,5e+05,519900,519900,554500,535000,554900,557450,575000,579000,579000,6e+05
"06360","Norwich","CT","New London","New London",106,,,,,,,,,,,,,,,,,,,,,,,,,,,,,,,,,,,,,,,,,,,,,,,,,,,,,,,,,,,,,,,,,,,,,,,,,,,,105000,122450,134900,129950,139000,139000,127450,120000,119900,119900,119900,118000,115000,115000,125000,122400,122400,116500,119900
"99504","Anchorage","AK","Anchorage","Anchorage",107,,,,,,,,,,,,,,,,,,,,,,,,,,,,,,,,,,,,,,,,,,,,,,,,,,,,,,,,,,,,,,,,,,,,,,,,,,349000,362000,415000,426250,449900,449950,422500,430000,417500,425000,399949.5,402499.5,399900,389900,405750,439450,416200,432000,439450,377450,385000
"12601","Town of Poughkeepsie","NY","New York","Dutchess",108,,,,,,,,,,,,,,,,,,,,,,,,,,,,,,,,,,,,159000,159000,159450,159900,152797.5,159000,159900,150595,147000,144200,135000,137450,131700,130000,125000,134250,149900,149900,150000,149450,149000,139000,145000,137000,139000,139000,149000,139000,139000,139000,149000,139000,149900,147000,147000,130000,129000,125000,127000,125000,127000,134949.5,134999,136950,139900,140000,144950,140000,139900,149900,159900,148400,154900,154900,149999,156950,159900,187500,183900
"12401","Kingston","NY","Kingston","Ulster",109,,,174900,175000,195000,195000,195000,195000,184900,182450,168450,159900,149900,149000,152400,155950,151400,154900,154900,152900,151400,156950,159000,149900,149900,149900,145000,154900,154900,149000,152450,156450,147450,139000,138500,138000,142450,145000,149900,149900,149900,149900,150000,149450,139900,139900,139900,138000,129900,134900,139900,138950,149000,138000,139900,138000,137750,133400,136500,133400,129999.5,130650,139450,139900,140000,141000,142000,142000,142000,142000,142000,142000,149900,149050,150950,152000,159000,159500,161950,151900,152000,155500,152000,158600,155000,149900,145950,145950,149900,169700,182450,179900,198250,195000
"04240","Lewiston","ME","Lewiston","Androscoggin",110,145000,145000,142500,139900,139950,140000,143500,145000,142500,139735,129900,125000,125000,125000,125000,115000,124000,119999,122900,125000,122900,122900,125000,121500,120000,119450,129500,129000,121500,119000,119500,112500,121000,115000,124900,116000,107950,109900,115000,115000,115000,124900,119000,119250,115000,132500,127000,127500,124900,122450,129950,119950,124900,127450,115900,115450,115000,115900,115400,115000,120000,114900,119900,125000,128950,135500,135000,129000,125000,129450,127500,120000,119000,114900,109950,110000,117400,112450,110000,124900,124900,124900,120000,121950,124900,119500,124450,124900,125000,124950,124950,122450,129700,127000
"90291","Los Angeles","CA","Los Angeles-Long Beach-Anaheim","Los Angeles",111,,,,,,,,,,,,,,,,,,,,,,,,,,,,,,,,,,,,,,,,,,,,,,,,,,,,,,1849000,1849000,1699000,1799500,1800000,1800000,1800000,1799000,1800000,1800000,1800000,1800000,1826000,1826000,1995000,1949000,1965000,1899000,1999000,1912000,1899000,1942000,2197500,2275000,2250000,2250000,2197500,2272500,2225000,2250000,2150000,1999000,2150000,2195000,2350000,2595000,2400000,2500000,2374999.5,2479000,2477500
"11237","New York","NY","New York","Kings",112,,,,,,,,,,,,,,,,,,,,,,,,,,,,,,,,,,,,,,,,,,,,,,,,,,,,,,,,,,,,,,,,,,,,,,,,,,,1699000,1649499.5,1400000,1400000,1350000,1348000,1399999.5,1400000,1449500,1374999.5,1350000,1350000,1399997.5,1449997.5,1400000,1400000,1395888,1474497.5,1395888,1449997.5
"89101","Las Vegas","NV","Las Vegas","Clark",113,,,,,,,,,,,,,,,,,,,,,,,,,,,,,,,,,,,,,,,,,,,,,,,,,,,,,175000,185000,179950,173950,185000,187500,189000,178950,198000,199000,207499.5,217000,237700,219000,215000,199000,199000,199450,199000,199999,195888,197444,192450,199000,192450,199999,235000,232000,235000,235000,235000,229000,226750,222749.5,227500,229999,225000,232500,235000,210000,219950,245000
"06450","Meriden","CT","New Haven","New Haven",114,,,,,,,,,,,,,,,,,,,,,,,,,,,,,,,,,,,,,,,,,,,,,,,,,,,,,,,,,,,,,,,,,,,,,,,,,,,,,,,,139450,139900,124900,119900,120690,117850,134900,129900,139900,149900,149900,149888,149900,149900,149900
"14215","Buffalo","NY","Buffalo","Erie",115,,,,,,,,,,,,,,,,,,,,,,,,,,,,,,,,,,,,,,,,,,,,,,,,,,,,,,,,,,,,,,,45250,44900,43900,47499.5,47700,47250,46950,47250,48197,47000,48048.5,48997,50500,50250,53950,56900,54900,54900,53000,55000,49900,49900,54626.5,49900,54442.5,54900,53129,54626.5,59950,57450,57450,59900
"03103","Manchester","NH","Manchester","Hillsborough",116,,,,,,,,,,,,,,,,,,,,,,,,,,,,,,,,,,,,,,,194900,225000,212450,209950,210000,213900,219900,219950,231400,229900,224400,217350,217350,229000,225900,220000,221950,223900,219900,219700,214900,219300,219900,220000,219100,217000,220000,223900,224300,221900,211800,207950,199900,209950,217450,215000,220950,212500,213500.5,223711,219900,229900,224900,229900,229900,226700,226700,199900,199250,215900,214900,234900,239950,249950,254950,252400
"08901","New Brunswick","NJ","New York","Middlesex",117,,,,,,,,,,,,,,,,,,,,,,,,,,,,,,,,,,,,,,,,,285000,317200,339000,331750,362449.5,337000,334500,345000,342500,347000,345000,339000,349450,349900,349950,349900,339250,362400,362450,349900,344450,349950,350000,349900,329000,329900,313450,310000,317000,339000,349444,339000,339000,349888,349944,349000,349450,334800,322500,365000,319000,299500,319000,320000,339000,292000,315500,322000,349000,349000,349000,349900,349945,361950
"02909","Providence","RI","Providence","Providence",118,129000,137400,139900,139900,139900,134000,139450,139900,129950,122450,124900,115000,128900,119900,119900,119450,129900,126700,125000,120950,125000,124000,119900,119900,119900,119900,119000,110000,109800,109000,101000,105700,109450,104900,109950,104900,99900,1e+05,1e+05,109250,112450,110000,119900,125500,129000,135449.5,128999,129900,129900,129900,129000,129000,129000,129900,129000,129000,129000,124900,124900,124900,123750,129450,129900,130000,129900,134900,140000,144900,139900,139900,129950,134025,142250,139500,149712,150000,155500,150000,159450,159900,159900,159900,160000,169900,159900,162950,169000,174000,181777,180838.5,184900,189900,185000,179900
"06106","Hartford","CT","Hartford","Hartford",119,,,,,,,,,,,,,,,,,,,,,,,,,,,,,,,,,,,,,,,,,,,,,184900,177450,194700,2e+05,2e+05,204900,204900,204900,204900,2e+05,193450,189900,167450,165000,165000,165000,164900,164950,162400,164950,179900,179450,169000,164450,159900,159900,159900,169900,177000,179900,179900,179900,179000,177000,174950,169500,169000,169000,172400,169000,172400,179900,183950,189900,197000,209900,209950,204949.5,212400,209900
"11231","New York","NY","New York","New York",120,,,,,,,,,,,,,,,,,,,,,,,,,,,,,,,,,,,,,,,,,,,,,,,,,,,,,,,,,,,,,,,,,2750000,2995000,3137500,3137500,3149000,2999999,2999999.5,2999999.5,2865000,2999500,3200000,2830000,2997000,2992500,2994500,2967500,2985000,2950000,2800000,2700000,2900000,3049500,3049500,2999999.5,2999000,2985000,2950000,2950000,2972500,2950000
"13501","Utica","NY","Utica","Oneida",121,,,,,,,,,,,,,,,,,,,,,,,,,,,,,,,,,,,,,,,,,,,,,,,,,,,59900,59900,60000,66000,59900,59900,58900,59900,58900,58950,58950,63900,63900,64900,64900,64900,67900,68000,64950,67950,66400,64900,64450,66900,61900,67900,69900,68450,66450,63900,66450,64900,62400,64900,64900,64900,69900,73700,77900,74900,69900,69900,79000,79500
"74014","Broken Arrow","OK","Tulsa","Tulsa",122,,,,,,,,,,,,,,,,,,,,,,,,,,,,,,,,,,,,,,,,,,,,,,,,,,,280500,279900,249900,260000,267500,270000,237825,257400,255000,236500,243200,265000,259950,240000,249900,254450,249999,249900,245000,234400,232950,224900,228000,238950,239000,239900,239450,259000,262500,264000,264000,262500,250000,249950,234900,237450,255000,256000,269900,274900,272400,269900,262150,264400
"07202","Elizabeth","NJ","New York","Union",123,256950,247450,249900,279900,274950,259900,264000,250000,257000,255000,249900,250000,249000,250000,250000,249950,253500,250000,250000,249000,249000,249900,240900,241900,239444,239894,249000,249450,249000,249900,249900,249900,269000,269000,269000,269000,270000,259450,249000,249450,268200,275000,272500,279000,265000,260000,275000,275000,275000,249950,249500,275000,285000,275000,275000,275000,269900,272450,292450,295000,295000,292500,262500,260000,275000,299000,302950,305000,315000,315000,317500,310000,269900,315000,339000,339000,339000,331700,329000,339000,320000,321950,326950,319000,319750,330000,350000,341500,360000,372500,377000,379950,385000,379000
"01604","Worcester","MA","Worcester","Worcester",124,,,,,,,,,,,,,,,,,,,,,,,,,,,,,,,,,,,,,,,,,,,,,,,,,,,,199900,199850,199350,194400,220000,219900,219450,214500,199900,209000,206950,225000,219900,214900,224999,225000,219900,226500,235000,246250,239900,249900,249900,244450,239000,239900,249900,264500,279000,269000,255000,269900,269000,277450,279450,269450,269950,269900,265000,260000,260000,255000,264500
"11357","New York","NY","New York","Queens",125,,,,,,,,,,,,,,,,,,,,,,,,,,,,,,,,,,,,,,,,,,,,,,,,,,,,980000,961500,998000,999000,949900,1099000,1099000,1100000,1189000,1200000,1188000,1050000,1188000,1099500,1150000,1128888,1139444,1211944,1225000,1224888,1250000,1250000,1149000,1199000,1200000,1134444,1300000,1299500,1300000,1299000,1299000,1388888,1318000,1285000,1285000,1287500,1289000,1290000,1298888,1338000,1388000,1395000,1368000
"02908","Providence","RI","Providence","Providence",126,149949.5,132450,129450,129000,129900,129900,129250,129900,139750,129900,129900,129900,129900,129900,129900,128449.5,129900,129900,131000,131000,129900,126999,125000,115000,120000,115000,119900,119900,118000,115000,100450,107400,109945,99900,109900,110000,112450,110000,124700,124950,129999.5,129900,127500,129000,139000,139000,124950,124000,124700,123600,119900,126200,119900,129000,138775,132450,139000,139000,126950,124900,140950,145000,149000,139900,140000,144950,154000,150000,159900,167500,164900,159500,159000,154125,159900,168925,169900,165000,159900,159900,159300,159000,159750,159900,159950,169900,179900,184900,189950,194950,199900,204500,199000,199900
"33460","Lake Worth","FL","Miami-Fort Lauderdale","Palm Beach",127,,,,,,,,,,,,,,,,,,,,,,,,,,,,,,,,,,,,,,,,,,,,,,,,,,,,,,,,,,,,,,,,,,,,,,,,,,225000,229000,212000,208500,194944,199900,199900,225000,249000,250000,250000,272048,275048,275096,271950,275000,264000,260000,259000,260000,299450
"90063","East Los Angeles","CA","Los Angeles-Long Beach-Anaheim","Los Angeles",128,,,,,,,,,,,,,,,,,,,,,,,,,,,,,,,,,,,,,,,,,,,,,,,,,,,,,,,,,,399999,385000,399999,402499.5,442000,432500,449000,424888,419500,429500,459800,439000,444000,444450,444450,444000,449000,449000,447000,452900,459000,454500,464500,475000,475000,475000,484000,499494,510000,523500,545200,543500,535900,530000,519000,530000,534500
"12203","Albany","NY","Albany","Albany",129,,,,,,,,,,,,,,,,,,,,,,,,,,,,,,,,,,,,,,,,,,,,,,,,,,,,,,,218850,189900,189000,192450,199940,204950,189900,185000,182000,197400,194900,185800,167777,164450,169350,182000,179900,184950,169900,169900,171200,182950,182950,205000,207450,199900,202450,199000,189900,189900,172500,164400,171850,176950,188950,174900,169000,176000,187450,184900
"07109","Belleville","NJ","New York","Essex",130,,,,,,,,,,,,,,,,,,,,,,,,,,,,,,,,,,,,,,,,,,,,,,,,,,,,,,,289950,325000,336000,325000,325000,315000,309500,289491,279500,277000,299900,299000,279000,282000,275500,289000,270000,271000,282000,275000,275000,275900,275000,287900,299999,299999,319900,299999,280800,277500,279000,287000,305000,320000,299900,319000,325000,334500,325000,322500
"90001","Florence-Graham","CA","Los Angeles-Long Beach-Anaheim","Los Angeles",131,,,,,,,,,,,,,,,,,,,,,,,,,,,,,,,,,,,,,,,,,,,,,,,,,,,,,,,,,,,,,,,,,,,392500,379000,386400,382500,419900,419900,419500,390000,397500,4e+05,415000,475000,475000,439000,445000,433350,444500,450000,499449.5,475000,450000,450000,442950,440000,445450,475000,485000,482500
"10550","Mount Vernon","NY","New York","Westchester",132,369500,365000,350000,349950,349000,349000,369000,349500,357500,357500,349010.5,327500,315000,299999,307000,299999.5,319500,324500,329000,334500,354500,350000,322000,324000,329000,330000,329000,334000,339000,329277.5,329555,320000,305000,310000,305007,299950,299900,3e+05,3e+05,3e+05,299900,299000,299000,299000,299000,3e+05,310000,305000,297500,299000,299500,299499.5,299999,3e+05,312000,339000,325000,325000,334000,334000,329000,325000,325000,339500,335000,325000,325000,330000,330000,325000,329000,329000,312000,325000,329000,329500,325000,325000,325000,332500,349450,325000,324950,284625,299500,300750,310000,310000,349000,349500,367500,354500,345000,380000
"10465","New York","NY","New York","Bronx",133,485000,499000,525000,527000,509450,495000,497000,499000,525000,525000,515000,499000,499000,469000,479000,475000,494000,499000,499000,499000,499000,499000,499000,499000,499000,489000,479000,479000,499000,494000,489000,498500,479500,479000,479000,499000,499000,499000,499000,499000,549000,559000,559000,559000,569000,575000,569000,534000,529000,539000,549000,544000,559000,599450,579000,572000,575000,578399.5,579000,579000,579000,579000,579000,577000,579000,599000,649000,644000,599000,599000,597000,599000,585000,549000,549000,574000,579000,587000,599000,599000,599000,599000,625000,649000,649000,649000,649000,649000,659000,668500,689000,680000,679000,675000
"99508","Anchorage","AK","Anchorage","Anchorage",134,,,,,,,,,,,,,,,,,,,,,,,,,,,,,,,,,,,,,,,,,,,,,,,,,,,,,,,,,,,,,,,,,,,,,,,,,372250,380000,369000,359900,372250,369500,386500,375000,375000,355000,356450,399900,394950,445000,399900,399900,392450,389950,380500,389900,369450,359900
"29582","North Myrtle Beach","SC","Myrtle Beach","Horry",135,,,,,,,,,,,,,,,,,,,,,,,,,,,,,,,,,,,,,,,,,,,,,,,,,,,,,,,,,,,,,,,,,,410000,399999,389749.5,389749.5,412499.5,399450,399949.5,439000,431950,439900,450000,450000,489000,554725,499900,499900,499900,499900,499000,497450,486950,482400,482400,499000,499000,499450,524949.5,499900,499450
"11358","New York","NY","New York","Queens",136,,,,,,,,,,,,,,,,,,,,,,,,,,,,,,,,,,,,,,,,,,,,,,,,,,,,,,,,,,,,,,,,1125000,997888,1125000,1094444,988000,1074000,1085000,1189444,1124444,1198000,1230000,1210000,1324000,1348500,1349000,1348888,1300000,1349000,1348000,1348000,1319000,1398000,1398000,1504444,1488888,1437000,1419000,1399000,1399000,1364500,1349000
"12010","Town of Amsterdam","NY","Amsterdam","Montgomery",137,,,,,,,,,,,,,,,,,,,,,,,,,,,,,,,,,,,,,,,,,,,,,,,,,,,,,,,,,,,,,,,,,,,,,,,,,,,,59000,59000,57450,59900,59900,64900,61950,59000,54900,54950,49000,53000,59000,55000,58124,59900,65000,65500,70000
"34238","Sarasota","FL","North Port-Sarasota-Bradenton","Sarasota",138,,,,,,,,,,,,,,,,,,,,,,,,,,,,,,,,,,,,,,,,,,,,,,,,,,,,,,,,,,,,,,,,,,,,,,302450,314950,318950,318950,329000,319450,329450,325950,324900,324900,324900,324900,324950,327450,329000,332499.5,339000,333900,332400,329000,329000,323800,327500,323500,322919
"06320","New London","CT","New London","New London",139,,,197400,199900,189900,179000,175000,175000,175000,179900,175000,175000,169900,175000,175000,169000,154900,172450,178000,179500,165000,155000,172400,174900,152500,169900,174500,162450,159900,164999,155000,149000,125000,139000,152450,134000,128250,138250,152000,164900,169950,164999,163499.5,169900,174500,169950,169950,164900,159000,159900,159900,163000,165900,162900,159900,159900,155000,155000,155000,155900,149900,149900,156997.5,159900,159450,152450,144900,143500,139900,141700,139450,135000,143500,143500,133947.5,136000,146950,139900,139900,143950,141400,139900,139900,139900,138000,142500,149900,164450,159900,164450,159000,159900,168000,169000
"60621","Chicago","IL","Chicago","Cook",140,,,,,,,,,,,,,,,,,,,,,,,,,,,,,,,,,,,,,,,,,,,,,,,,,,,,,,,,,,,,,,,,,,,,,,,,,,,,,,,,,,70000,69950,65750,65000,70925,70000,70000,78900,75000,79900,78000,86250,89900
"02721","Fall River","MA","Providence","Bristol",141,,,,,,,,,,,,,,,,,,,,,,,,,,,,,,,,,,,,,,,,,,,,,,,,,,219900,224900,214900,199900,199900,187450,187450,189450,199900,214450,199900,187450,189900,204949.5,223950,226900,222400,223000,196950,189900,189900,193450,179000,179000,189000,189000,219900,219450,229900,249900,249900,227400,224900,214900,214450,216200,212500,212500,214500,224900,225000,218900,235000,245000,240000
"02861","Pawtucket","RI","Providence","Providence",142,,,,,,,,,,,,,,,,,,,,,,,,,,,,,,,,,,,,,,,,,,,,,,,,,,,,,,,,,,,,,,,,,,,,,,,,,,,,,,220000,219900,219900,225000,229000,229900,225000,225000,225000,230000,235000,249900,249450,249900,249900,249900,249950
"11228","New York","NY","New York","Kings",143,,,,,,,,,,,,,,,,,,,,,,,,,,,,,,,,,,,,,,,,,,,,,,,,,,,998000,970000,961500,998000,1069000,1124500,1099000,1098500,1100000,1199000,1199000,1193500,1199500,1250000,1243500,1225000,1250000,1250000,1288000,1250000,1226500,1222500,1226500,1249000,1288500,1299000,1299500,1325000,1392000,1369000,1300000,1299000,1299000,1325000,1379000,1389000,1399999,1495000,1388000,1444500,1488000,1498000,1450000,1493500
"11379","New York","NY","New York","Queens",144,,,,,,,,,,,,,,,,,,,,,,,,,,,,,,,,,,,,,,,,,,,,,,,,,,,679000,775000,688000,679000,695000,764900,779000,778500,754000,791500,815000,798500,872000,825000,875000,875000,872000,849000,849000,850000,950000,950000,954000,888888,888888,881500,888000,949000,924777,888000,875000,888000,875000,865000,898888,868888,938500,968000,978800,998900,1085000,1120000,1150000,1150000
"63118","Saint Louis","MO","St. Louis","Saint Louis City",145,,,,,,,,,,,,,,,,,,,,,,,,,,,,,,,,,,,,,,,,,,,79900,79000,75800,77400,75000,73750,74900,74900,74900,79000,75000,75000,79900,76900,70000,70000,75000,71400,64900,74950,78000,80000,80000,75000,79500,79000,74900,74900,72500,69500,70000,72450,79900,74900,69949.5,69000,71250,75000,75000,69999.5,74950,77999,78499.5,74869,70000,68249.5,65000,69000,65000,70988,72500,75000
"60636","Chicago","IL","Chicago","Cook",146,,,,,,,,,,,,,,,,,,,,,,,,,,,,,,,,,,,,,,,,,,,,,,,,,,,,,,,,,,,,,,,,,,,,,,,,,,65000,61500,60500,59950,59950,69900,65000,69900,69950,69900,70000,69900,59999.5,61500,58950,58950,60000,60000,69450,69998,69900
"11413","New York","NY","New York","Queens",147,489499.5,489000,475000,475000,475000,469500,475000,479000,479000,479000,489000,479000,475000,477000,475000,464500,454999.5,450000,449500,449000,450000,450000,459000,489000,489000,499000,489000,469000,489000,469000,464495,475000,472000,449000,489000,489000,489990,489994.5,499000,499000,489949.5,499000,499000,499999,499999,499000,499000,499000,477000,479000,499995,529000,577000,549000,544500,529000,499995,499000,499997,505000,550000,599499.5,599000,575000,575000,589000,568500,577000,583499.5,649000,599000,607499.5,649999,715000,729000,699000,729000,729000,729000,705000,659999,669000,659000,749999,759000,749999,685000,649000,649900,659000,659000,679000,699000,699999.5
"11420","New York","NY","New York","Queens",148,477900,489000,479999,479499.5,492000,489000,489000,498500,499000,489000,479000,469000,459000,459000,459000,439500,460000,459000,459500,482500,479000,460000,450000,450900,449000,435000,427000,430000,439000,420000,425000,434000,455000,459000,479999,489000,489000,480000,525000,529000,525000,499999,504999.5,482000,482000,495000,499000,569000,559000,559000,516900,549500,549000,525000,562000,588500,599499.5,579000,574000,578500,529000,559500,559500,560000,579000,629000,590000,639000,599499.5,590000,590000,554000,599000,565000,599000,599000,579000,649000,639000,649000,667000,639000,639000,649000,649500,649000,649000,637000,639000,649000,669000,679000,689000,659000
"10309","New York","NY","New York","Richmond",149,699000,699000,699000,699000,699000,699000,699000,694500,699000,699900,729000,729000,728900,728950,729000,739000,729000,7e+05,699500,728950,719999,749000,739949.5,728900,728900,715200,690000,697900,724900,739000,719000,719000,726999.5,699999,729000,736950,695000,699000,729000,734900,749000,749000,750000,774000,774399.5,749900,699999.5,729000,754499.5,749949.5,735000,735000,742000,699000,749000,742000,766999.5,759900,727000,727000,769450,779000,749900,699165,699000,738000,754949.5,767449.5,749999,779000,779499.5,784949.5,834000,849000,849000,849900,849900,849000,864900,849000,889900,849450,879000,889000,899000,899900,949500,890500,870500,899000,898944,899000,898944,899000
"06114","Hartford","CT","Hartford","Hartford",150,,,,,,,,,,,,,,,,,,,,,,,,,,,,,,,,,,,,,,,,,,,,,,,,,,,,,,,,,,,189000,204900,181499.5,209900,209900,199900,194900,194900,189900,189900,190000,189900,182450,185000,174000,179950,194900,197200,199900,209900,199900,199700,204900,192450,189900,189900,192500,192500,189900,194450,217450,222449.5,209950,209900,210000,217400
"11412","New York","NY","New York","Queens",151,419995,410000,410000,399999,419999,419800,410000,410000,399999,399000,399000,399000,399000,389000,379777,379000,364000,377000,375000,369000,375000,376250,389000,379900,379900,389000,389500,399000,399000,409500,429000,429000,414500,395000,422000,419000,449000,455000,449000,449000,449000,452000,485000,479000,509000,509000,479000,479000,475000,459000,469000,469499.5,479000,479000,479000,470000,479000,499000,499000,499000,499000,499000,499000,499000,519000,526999.5,539000,539000,539000,549500,565000,512000,549000,550000,544000,549500,549000,550000,569000,615000,649499.5,659000,649999,659000,659000,659000,649000,585000,540000,549500,485250,549500,579000,594500
"14216","Buffalo","NY","Buffalo","Erie",152,,,,,,,,,,,,,,,,,,,,,,,,,,,,,,,,,,,,,,,,,,,,,,,,,,,,,,,,,,,,,,,,,,,,,,,,,,,,,,190000,194950,189900,189900,187400,179999.5,192400,204900,199900,199900,2e+05,204950,179900,209950,219900,195000,205000
"33127","Miami","FL","Miami-Fort Lauderdale","Miami-Dade",153,,,,,,,,,,,,,,,,,,,,,,,,,,,,,,,,,,,,,,,,,,,,,,,,,,,,,,,,,,,,,,,,,,,,,,,,,,,,,,,,,359900,379000,365000,377000,374500,349000,349000,379900,364000,368000,374900,375000,380000,374900
"11378","New York","NY","New York","Queens",154,618000,625000,629000,629000,639000,629000,628888,625000,618000,599000,599500,609000,599500,599000,598500,569000,569000,585000,578000,569000,569900,559000,544500,549000,550000,568800,559000,559000,579000,579999,579000,569000,580000,599000,675000,639000,684000,689000,679000,679000,659000,599000,594500,589000,619000,649000,649000,598900,631500,669499.5,679000,668888,719000,745000,719000,729000,714000,728000,764500,767500,775000,760000,788500,772500,775000,749000,793500,789000,779500,737000,725000,763500,744000,799000,799000,849000,849000,858500,872500,902500,858000,858000,974500,984000,991500,989000,1080000,974000,990000,1099950,999000,998000,999000,999000
"11421","New York","NY","New York","Queens",155,509000,509000,499990,499000,497700,490000,479000,482500,479000,469000,459900,469000,479500,479000,475000,459000,449950,450000,447000,432500,449000,429500,434000,444000,439000,446999.5,446999.5,449000,442499.5,446999.5,469000,469000,469000,489500,499000,499499.5,499999,499999,529000,499994.5,499990,499900,543500,548500,549500,570000,570000,525000,514000,519500,527000,529000,539000,540000,549000,584000,589000,592000,597000,597000,572000,599000,582000,599000,622000,624000,639000,634000,639000,643500,659000,650000,663950,679000,689500,689000,690000,669900,712500,684500,710000,709500,749500,749000,813500,799000,799000,819000,818500,780000,789000,808500,779999,779999
"14207","Buffalo","NY","Buffalo","Erie",156,,,,,,,,,,,,,,,,,,,,,,,,,,,,,,,,,,,,,,,,,,,,,,,,,,,,,,,,,,,,,,,,,,,,,,,,,,,,,,,64900,62500,69200,62700,64000,60000,60000,60000,64000,64900,69900,69900,69900,69999.5,69900,69900
"11419","New York","NY","New York","Queens",157,539000,529000,529000,525000,519000,499900,499000,490000,489990,479000,484500,497000,499000,499000,499000,495000,489000,489500,490000,495000,499000,499000,498888,492450,479999,479999,469000,489000,489000,489000,489000,487000,479000,469000,479000,489000,484000,479000,499000,522800,499000,515000,505000,515000,499000,529500,549000,542500,524000,549000,569000,569000,569499.5,557000,589000,639500,649000,649000,649000,649000,626999.5,634000,669000,629000,649999,669000,629000,622000,629000,669000,649499.5,669000,665000,689000,699000,695000,695000,692000,679000,689000,669000,694000,699000,684000,699000,712500,725000,729000,739500,749999,749499.5,748944,698944,709000
"11433","New York","NY","New York","Queens",158,389000,399000,422450,409000,399900,399000,399000,399000,399000,399000,399000,399000,399000,389500,397000,392500,389500,389000,389000,389000,379999,389000,385000,371999.5,379999.5,382450,384900,384900,377450,374999,380000,389000,399000,399000,4e+05,399000,399000,399000,4e+05,419000,419000,435000,465000,465000,465000,465000,470000,469999,469000,469999,469000,444000,449000,449000,459000,469999,479000,489000,554500,539000,539000,599000,599000,539000,529000,529000,529000,529000,574000,619000,589499.5,594499.5,639000,639000,649000,639000,639000,654000,609499.5,599999,599999,634000,622000,622000,629000,639000,639000,649000,649000,647000,639499.5,649000,649000,649500
"63111","Saint Louis","MO","St. Louis","Saint Louis City",159,,,,,,,,,,,,,,,,,,,,,,,,,,,,,,,,,,,,,79900,83900,77450,81949.5,83999,85000,87450,89000,93700,97500,97500,89900,75000,75250,77750,77200,79900,78950,78900,79900,85950,85950,84900,84000,79450,84000,84000,82000,84900,84900,88500,88500,82449.5,79949.5,82449.5,82400,86950,84900,89000,90000,91000,90000,89900,84950,84900,84900,74900,77500,84900,84900,79950,74900,76950,79450,81950,84450,90000,90000
"11418","New York","NY","New York","Queens",160,479999,475000,499000,495000,498000,486499.5,489000,489000,498000,499000,499000,499000,499000,489000,499000,489000,496000,499000,499000,499000,499000,499000,499900,499000,496000,479999,479999.5,484500,459000,469000,455000,467000,465000,449000,479000,530000,527500,530000,545000,539000,553950,574000,599000,599000,599000,599000,599000,599000,579000,594000,599000,599000,622000,619000,629000,629000,629000,629000,639000,629500,629500,639000,645000,636500,632000,649100,649550,660000,669000,673500,719000,719000,709999,689000,684000,729000,679000,729000,729000,719900,699000,699000,675000,739000,729500,729000,699000,699000,749500,775000,794000,749000,750000,750000
"14206","Buffalo","NY","Buffalo","Erie",161,,,,,,,,,,,,,,,,,,,,,,,,,,,,,,,,,,,,,,,,,,,,,,,,,,,,,,,,,,,,,,,,,,,,,,,,,,,59100,59000,59000,54900,54900,54900,54900,54900,55000,54500,55000,54500,55000,56450,59000,59900,59900,59900,59900,59900
"13204","Syracuse","NY","Syracuse","Onondaga",162,,,,,,,,,,,,,,,,,,,,,,,,,,,,,,,,,,,,,,,,,,,,,,,,,,,,,,,,,,,61055.5,60500,59950,60000,62950,59950,59000,56247,57623.5,56123.5,49999,49999,51449.5,51449.5,48500,43200,44900,44950,49400,56400,49900,45000,49900,49900,49000,49000,44900,44950,44900,45000,45000,44450,51500,51450,50039,50000
"07201","Elizabeth","NJ","New York","Union",163,,,,,,,,,,,,,,,,,,,,,,,,,225000,226561.5,229999.5,225000,199000,191500,195000,197000,2e+05,219950,199000,195000,195000,195000,195000,205000,234900,225000,227500,234900,225000,219900,224900,219950,219900,220000,196000,227000,225000,184950,199900,222000,242250,227000,210000,232000,242250,250000,249000,244500,249450,225000,247200,265000,262750,227450,234900,237450,249582,244082,239000,259164,254532,259557,260000,260000,264900,250000,262450,265000,276500,279000,279000,264000,270850,279000,279000,287500,287500,299900
"11369","New York","NY","New York","Queens",164,630000,649000,649000,649000,639000,599999.5,599000,599000,599000,599000,599000,580000,590000,580000,599000,599000,599000,599000,577450,565000,567500,565000,572500,575000,595000,589000,589000,595000,599000,599000,599000,599000,599000,589000,599000,599000,589000,599000,599000,599000,650000,649999.5,649500,599999,649000,653500,650000,679000,677000,704999.5,729000,739000,729000,734000,729000,739000,729000,733999.5,729000,729000,729000,742000,799000,854000,875000,875000,875000,875000,875000,877999.5,850000,849000,855000,898888,850000,875000,875000,875000,897000,929000,929000,949000,949000,949000,949000,938500,929000,929000,949999.5,950000,945000,941000,937000,945000
"13903","Binghamton","NY","Binghamton","Broome",165,,,,,,,,,,,,,,,,,,,,,,,,,,,,,,,,,,,,,,,,,,,,,,,,,,,,,,,,,,,,,,,,,,,,,,,,,,,,,,,,,67000,76200,80000,79950,79950,77950,80200,80500,76250,79250,76250,75000,77000,80200
"11422","New York","NY","New York","Queens",166,475000,475000,479000,478000,479000,479000,485000,489000,479000,479000,480000,487000,479000,487000,475000,459000,479000,449990,479000,452495,449990,449990,452495,449999,459000,449990,450000,440000,469000,449995,449990,439000,459000,464495,497000,469990,449990,454495,499000,514499.5,539999,529495,539000,527000,499999.5,569000,569000,569000,569000,590000,599000,599000,584499.5,550000,539999,529000,529000,509949.5,539999,549000,564000,549000,549000,549000,580000,627499.5,654499.5,649999,629499.5,629999,629000,631999.5,629000,637499.5,649999,649999.5,650000,699000,699000,670999,654999.5,699995,7e+05,759000,759000,759000,729000,705000,709000,708000,699000,699000,699000,699000
"07206","Elizabeth","NJ","New York","Union",167,199450,224900,218450,199950,209900,2e+05,2e+05,199900,210000,204900,209950,2e+05,2e+05,2e+05,214500,219000,215000,192400,194900,199000,199900,204900,199900,200900,219500,199900,189900,2e+05,199950,199000,199900,199000,209000,2e+05,199450,199000,189900,198500,197000,195000,199000,210000,219450,219000,239000,254000,228000,225000,219900,219950,220000,215000,239500,250000,250000,247000,249000,235000,229900,239900,239000,235000,217000,249900,249900,259900,249900,235950,249450,230000,249450,250000,261200,249950,250000,250000,269500,264950,265000,270000,279000,259900,259900,280000,309000,299000,289000,289000,280000,299000,295000,295000,299900,322450
"11232","New York","NY","New York","Kings",168,,,,,,,,,,,,,,,,,,,,,,,,,,,,,,,,,,,,,,,,,,,,,,,,,,,,,,,,,,,,,,,,,,,,,,,,,,,,,,,,,,1486500,1409500,1409500,1400000,1399000,1399000,1441000,1482000,1399999,1349999.5,1524500,1612000,1499000
"02724","Fall River","MA","Providence","Bristol",169,,,,,,,,,,,,,,,,,,,,,,,,,,,,,,,,,,,,,,,,,,,,,,,,,,,,,,,,,,,,,,,,,239250,229000,219900,216950,214900,206500,2e+05,209000,213000,209000,224450,239000,229900,234450,249900,250000,227450,234950,232450,252450,229450,219900,214900,209900,225000,249900,249900,239250,249900,242200
"11417","New York","NY","New York","Queens",170,535500,539000,525000,499000,509500,499000,499000,499000,487000,469499.5,469000,469000,469000,489000,487000,466000,455000,452500,460000,469000,469000,469000,469000,469000,469000,469000,469000,469000,489000,499000,499000,487000,479000,498000,499000,5e+05,529000,5e+05,535000,549000,550000,549000,559000,549999,541000,541000,525000,544000,525000,525000,499000,499000,499000,522499.5,529000,529000,549000,537000,539250,549499.5,529000,549999,549999.5,559999,593900,599990,579000,579000,620000,620000,625000,659000,659000,654499.5,674000,674000,699000,699000,689000,649000,649000,659500,659990,659990,649499.5,654499.5,659990,650000,673500,679000,695000,699000,729000,732000
"11356","New York","NY","New York","Queens",171,647000,649499.5,652168.5,649999,649949.5,649000,648888,648888,649000,649000,660000,679000,630000,634000,649000,660000,655950,660000,650000,649000,654500,660000,655000,675000,679944,650000,691500,674000,649000,635000,649000,625000,679000,688000,694000,688000,678500,668000,674500,680000,674500,658500,658500,668950,698500,699900,698000,677000,729000,750000,739000,735000,749000,793944,789000,772500,749000,792444,799999,848500,798000,849000,849000,843500,855000,834000,819000,799000,888000,886000,863500,858500,893500,899000,902000,949000,1022500,934000,958000,939000,999000,1025000,1080000,1080000,1099500,1185000,1185000,1159500,1088888,1094444,1080000,1090000,1080000,1099000
"14301","Niagara Falls","NY","Buffalo","Niagara",172,,,,,,,,,,,,,,,,,,,,,,,,,,,,,,,,,,,,,,,,,,,,,,,,,,,,,,,,,,,,,,,,,,,,,,,,,,,,,,,,45000,49900,44900,44900,45000,45450,45000,49900,49900,54450,49900,54450,49900,52400,49900
"11428","New York","NY","New York","Queens",173,,,,,,,,,,,,,,,,,,,,,,,,,,,,,,,,,,,,,,,,,,,,,,,,,,,,,,,,,,,,,,,,,,,,,,,,,,,,,,,,,995000,995000,995000,995000,995000,995000,1095000,1095000,1095000,1095000,1095000,1095000,1121900,1095000
"64501","Saint Joseph","MO","St. Joseph","Buchanan",174,,,,,,,,,,,,,,,,,,,,,,,,,,,,,,,,,,,,,,,,,,,,,,,,,,,,,,,,,,,,,,,,,,,,,,,,,,,,,72400,72400,72900,72500,79900,69900,76400,86200,87450,79900,79900,79900,85000,79900,87250,87500,87500,92700
"11416","New York","NY","New York","Queens",175,499000,499000,499500,499000,499000,489000,489000,499000,499000,492000,480000,479000,479000,479000,479000,479000,480000,479000,480000,480000,479500,469900,459000,457000,459000,469945,459000,459000,459000,449495,449495,449000,449000,449000,455000,457000,455000,449990,479000,485000,484000,489000,499000,514000,549500,567000,555000,554500,549000,549000,499000,499000,499000,499499.5,549000,549000,544000,539000,549499.5,549000,550000,579000,574000,569000,585000,585000,622499.5,655000,6e+05,649000,699000,699499.5,649000,649000,649000,649000,649000,649500,629000,649000,659999.5,650000,650000,650000,699499.5,745000,734000,764000,779000,754000,759000,790000,749000,754500
"11436","New York","NY","New York","Queens",176,,,,,,,,,,,,,,,,,,,,,,,,,,,,,,,,,,,,,,,,,,,,,,,,,,,,,,,,,,,,,,,,,,,599999,529000,560000,560000,560000,592500,610000,620000,625000,599999,599999,599999,599999,599000,599000,599999,599000,549750,575000,569999.5,599999,650000,547777,543388.5,562336,599000,649500,649500
"03570","Berlin","NH","Berlin","Coos",177,,,,,69000,71500,74000,74900,69500,74000,75000,74950,69900,69000,69900,79900,79900,79900,74900,76950,76950,69000,69900,67000,69450,69900,67000,69900,74900,74700,67450,69900,74500,72200,61900,59900,59700,55000,59900,59900,64900,64950,64900,61200,62500,63500,63745,66995,62500,61200,63745,69000,65750,62700,62250,59900,56950,58000,57500,59450,61200,59900,63250,64000,61200,59900,59900,51950,49900,49900,49900,52000,52000,52000,54500,53250,57200,62450,62450,59900,54900,54900,59000,59000,52450,54950,54900,54950,59000,54900,48950,48500,48750,48500
"05819","St Johnsbury","VT",,"Caledonia",178,,,,,,,,,,,,,,,,,,,,,,,,,,,,,,,,,,,,,,,,,,,,,,,,,,,,129000,139000,147950,142450,150000,149950,149000,139600,129900,132450,125000,127450,119900,116975,114900,114900,115000,115000,114900,112500,115000,113750,117450,119900,124900,124900,120000,119500,119500,119500,122000,119250,115950,110900,1e+05,1e+05,1e+05,112250,115000,122500,118750,118750,115000
