"RegionName","City","State","Metro","CountyName","SizeRank","2011-02","2011-03","2011-04","2011-05","2011-06","2011-07","2011-08","2011-09","2011-10","2011-11","2011-12","2012-01","2012-02","2012-03","2012-04","2012-05","2012-06","2012-07","2012-08","2012-09","2012-10","2012-11","2012-12","2013-01","2013-02","2013-03","2013-04","2013-05","2013-06","2013-07","2013-08","2013-09","2013-10","2013-11","2013-12","2014-01","2014-02","2014-03","2014-04","2014-05","2014-06","2014-07","2014-08","2014-09","2014-10","2014-11","2014-12","2015-01","2015-02","2015-03","2015-04","2015-05","2015-06","2015-07","2015-08","2015-09","2015-10","2015-11","2015-12","2016-01","2016-02","2016-03","2016-04","2016-05","2016-06","2016-07","2016-08","2016-09","2016-10","2016-11","2016-12","2017-01","2017-02","2017-03","2017-04","2017-05","2017-06","2017-07","2017-08","2017-09","2017-10"
"60657","Chicago","IL","Chicago","Cook",1,,,,,,,,,,,,,,,,,,,,,,,,,,,,,,,,,,,,,,,,,,,,,1.74859550561798,1.74719101123595,1.71261755485893,1.75757575757576,1.78030303030303,1.61875,1.79833333333333,1.83229166666667,1.88888888888889,1.86,1.8,1.72307692307692,1.6969696969697,1.66428571428571,1.70714285714286,1.71428571428571,1.76428571428571,1.80277777777778,1.80634920634921,1.88888888888889,1.95742753623188,1.93333333333333,1.87096774193548,1.8125,1.81545454545455,1.7875,1.82307692307692,1.85833333333333,1.89025547445255,1.99375,1.99,1.96984848484848,1.99,1.96428571428571,1.88611111111111,1.84375,1.79166666666667
"60614","Chicago","IL","Chicago","Cook",2,,,,,,,,,,,,,,,,,,,,,,,,,,,,,,,,,,,,,,,,,,,,,,,,,,,,,,,,,,,2.34178403755869,2.21739130434783,2.36026615969582,2.10526315789474,2.09302325581395,2.12682926829268,2.14285714285714,2.2,2.14562118126273,2.0809925093633,2.07229965156794,1.99,2.0625,2.09047619047619,2.14,2.13188405797101,2.13188405797101,2.1171568627451,2.11875,2.11180555555556,2.07986638323717,2.11055555555556,2.05555555555556
"94109","San Francisco","CA","San Francisco","San Francisco",3,,,,,,,,,,,,,,,,,,,,,,,,,,,,,,,,,,4.51879521750552,4.66666666666667,4.46969696969697,4.44074074074074,4.44444444444444,4.54136690647482,4.58762886597938,4.62189466221605,4.5644978862271,4.37062937062937,4.40375825292026,4.4441622933243,4.49494949494949,4.58793208004851,4.79807692307692,4.58823529411765,4.58548109965636,4.82456140350877,4.89788823074942,4.95750708215297,4.84685230024213,4.95750708215297,4.95750708215297,4.91468948107503,4.4975,4.63166666666667,4.9742892553622,4.91468948107503,4.69177570093458,4.77564102564103,4.82638888888889,4.85714285714286,4.68642857142857,4.36363636363636,4.36151079136691,4.44444444444444,4.53735011990408,4.4441622933243,4.5,4.66520833333333,4.77547619047619,4.75512170385396,4.55,4.83822115384615,4.58135860979463,4.625,4.63157894736842,4.67213114754098
"11375","New York","NY","New York","Queens",4,,,,,,,,,,,,,,,,,,,,,,,,,,,,,,,,,,,,,,,,,,,,,,,2.40909090909091,2.395,2.36363636363636,2.4375,2.43478260869565,2.41788321167883,2.44444444444444,2.45454545454545,2.38194444444444,2.3448275862069,2.33333333333333,2.28812741312741,2.38709677419355,2.29431909750201,2.33333333333333,2.29411764705882,2.33333333333333,2.35714285714286,2.34313725490196,2.33333333333333,2.375,2.375,2.38266666666667,2.43055555555556,2.42928571428571,2.375,2.4,2.43303571428571,2.45833333333333,2.41246212121212,2.44444444444444,2.45161290322581,2.46428571428571,2.46164772727273,2.4390243902439
"60618","Chicago","IL","Chicago","Cook",5,,,,,,,,,,,,,,,,,1.2,1.32352941176471,1.26785714285714,1.28571428571429,1.31447368421053,1.31315789473684,1.26712962962963,1.24375,1.325,1.109375,1.22222222222222,1.26090909090909,1.29223684210526,1.30769230769231,1.3,1.32647228637413,1.28392857142857,1.29705882352941,1.3,1.29,1.3,1.3,1.31666666666667,1.5,1.38888888888889,1.42857142857143,1.44646464646465,1.33809523809524,1.3217039800995,1.25,1.25394736842105,1.33333333333333,1.35357142857143,1.2,1.38888888888889,1.39047619047619,1.39565217391304,1.42857142857143,1.43888888888889,1.4,1.40416666666667,1.4,1.4,1.40625,1.4007007007007,1.45,1.47484210526316,1.44,1.45299145299145,1.55902777777778,1.50980392156863,1.476,1.454375,1.41666666666667,1.45,1.46604166666667,1.476,1.5,1.5,1.5,1.46666666666667,1.475,1.45,1.42744360902256,1.40588235294118
"10029","New York","NY","New York","New York",6,,,,,,,,,,,,,,,,,,,,,,,,,,,,,,,,,,,,,,,,,,,,,,,,,,,,,,,,,,,,,,,5.28165217977225,5.21246358718269,5.28165217977225,5.17567427102139,5.38000738616615,5.49019607843137,5.52558782849239,5.49019607843137,5.52558782849239,5.1698670605613,5.15463917525773,5.02599653379549,5.02599653379549,4.625,4.57559681697613,4.59823254455156,4.92124061178714,4.89417989417989,4.8
"90046","Los Angeles","CA","Los Angeles-Long Beach-Anaheim","Los Angeles",7,,,,,,,,,,,,,,,,,,,,,,,,,,,,,,,,,,,,,,,,,,,,,,,,,,,,,,,,,,,,,,,,,,,,,,2.6229776957512,2.46153846153846,2.51048951048951,2.50312891113892,2.46565201620216,2.54363636363636,2.64727272727273,2.655,2.73333333333333,2.89826201641266,2.84615384615385,2.73036592120751
"20009","Washington","DC","Washington","District of Columbia",8,,,,,,,,,,,,,,,,,,,,,,,,,,,,,,,,3.61111111111111,3.36666666666667,3.42857142857143,3.40714285714286,3.42142857142857,3.42142857142857,3.5,3.56428571428571,3.77777777777778,4.04790940766551,4.00631276901004,3.96666666666667,3.97745098039216,4.23529411764706,4.14162895927602,4.2,4.1656862745098,4.16666666666667,4.16333333333333,4.16666666666667,4.17705735660848,4.25837104072398,4.40361990950226,4.3381124439948,4.35335497835498,4.28842676311031,4.45384615384615,4.37647058823529,4.4140625,4.47692307692308,4.61,4.74209650582363,4.88,4.64318181818182,4.53846153846154,4.54916666666667,4.47692307692308,4.47692307692308,4.77104825291181,4.47692307692308,4.43076923076923,4.28571428571429,4.07142857142857,4.07142857142857,4.05238095238095,3.88945578231293,3.97350993377483,4.23177083333333,4.10526315789474,3.96666666666667
"60613","Chicago","IL","Chicago","Cook",9,,,,,,,,,,,,,,,,,,,,,,,,,,,,,,,,,,,,,,,,,,,,,,,1.65771715721464,1.65,1.65384615384615,1.5,1.58823529411765,1.63636363636364,1.7,1.7,1.68798076923077,1.6275,1.64237041351194,1.64791666666667,1.65954545454545,1.73742234964844,1.77272727272727,1.7,1.7,1.72727272727273,1.78620689655172,1.78214285714286,1.73725961538462,1.69375,1.65625,1.67047184170472,1.68125,1.6975,1.89392857142857,1.88888888888889,1.825,1.86875,1.825,1.83333333333333,1.72272727272727,1.68181818181818,1.66125
"11209","New York","NY","New York","Kings",10,,,,,,,,,,,,,,,,,,,,,,,,,,,,,,,,,,,,,,,,,,,,,,,,,,,1.93333333333333,1.96428571428571,2,2.11764705882353,2.15189873417722,2.07746478873239,1.975,1.99928571428571,2.0625,2.06206896551724,2.0588122605364,2.1505376344086,2.06666666666667,2.14285714285714,2.25204918032787,2.07317073170732,2.2,2.0625,2.02173913043478,2.14309900032248,2.05263157894737,2.17155266015201,2.3617389922111,2.33333333333333,2.31965944272446,2.33333333333333,2.30769230769231,2.27073863636364,2.26666666666667,2.30769230769231,2.259591989519
"60625","Chicago","IL","Chicago","Cook",11,,,,,,,,,,,,,,,,,,,,,,,,,,,,,,,,,,,,,,,,,,,,,,,,,,,,,,1.38888888888889,1.40454545454545,1.37171052631579,1.36842105263158,1.35416666666667,1.4,1.43888888888889,1.40833333333333,1.49375,1.52229508196721,1.51388161341016,1.5,1.55,1.65,1.59090909090909,1.41571428571429,1.425,1.40625,1.45833333333333,1.55,1.54595588235294,1.58442546583851,1.61875,1.63442241801273,1.70753182461103,1.66666666666667,1.69222222222222,1.6
"07030","Hoboken","NJ","New York","Hudson",12,,,,,,,,,,,,,,,,,,,,,,,,2.9,2.79166666666667,2.75,2.76134122287968,2.8494623655914,2.88564356435644,2.90238095238095,3,2.91666666666667,2.9,2.90322580645161,2.88888888888889,2.875,2.83333333333333,2.83300198807157,2.82964734674917,2.82575757575758,2.88567493112948,2.99717247879359,3.01969361216172,3.01034807149577,3.01296111665005,3,2.87637698898409,2.85008976660682,2.91666666666667,2.85565939771547,2.80612244897959,2.8125,2.77415009940358,3.00435471100554,2.8695652173913,2.8030612244898,2.8030612244898,2.85565939771547,2.90277777777778,2.84032969885774,3.13852813852814,3.00226586102719,2.9792899408284,2.92854597291518,2.93911826452064,2.85565939771547,3,2.85,2.8,2.9,2.8,2.85282969885774,3,3.2,3.15547789336801,3.125,3.125,3.0893300248139,3.125,3.10173697270471,3.02380952380952
"33160","Sunny Isles Beach","FL","Miami-Fort Lauderdale","Miami-Dade",13,,,,,,,,,,,,,,,,,,,,,,,,,,,,,,,,,,,,,,,,,,,,,,,,,,,,,1.90140845070423,1.95833333333333,2,1.99335548172757,2.07949033724896,1.96078431372549,1.97706989772653,2.0132645541636,1.97183098591549,1.94444444444444,1.92307692307692,2.12086658287455,1.94884576582992,1.95794935996207,1.97988686360779,1.95822788046118,2.08765224746995,2.06587042177845,1.95822788046118,1.94916040611448,2.14453125,2.46383067786411,2.37416904083571,2.26500566251416,2.27848101265823,2.29722402949469,2.26190476190476,2.3156089193825,2.23499361430396
"78704","Austin","TX","Austin","Travis",14,,,,,,,,,,,,,,,,,,,,,,,,,,,,,,,1.70311692339502,1.69991667956692,1.67560321715818,1.65684830633284,1.6,1.575,1.57133687878232,1.58720930232558,1.58527131782946,1.52208931419458,1.395,1.41807348560079,1.42481203007519,1.39232288828338,1.4484962406015,1.60045317220544,1.47813698724816,1.54324065196548,1.57393483709273,1.58465608465608,1.75365113865139,1.58794162826421,1.59090909090909,1.57074036743483,1.51356132075472,1.43633276740238,1.42105263157895,1.47272256132673,1.45921052631579,1.5952380952381,1.5952380952381,1.49736842105263,1.45536437246964,1.46842105263158,1.58270385275102,1.45,1.52173913043478,1.50569490131579,1.56428571428571,1.48769652364164,1.43888888888889,1.49539877300613,1.51162790697674,1.60869565217391,1.69230769230769,1.73863636363636,1.62704309063893,1.58522727272727,1.57246543778802,1.58834029281369,1.60738255033557
"10019","New York","NY","New York","New York",15,,,,,,,,,,,,,,,,,,,,,,,,,,,,,,,,,,,,,,,,,,5.39340397374772,5.38621286377012,5.34194172095401,5.30764678030303,5.36713069908815,5.33333333333333,5.33758735946521,5.42909090909091,5.4336383125335,5.3968389681454,5.40335157318741,5.41666666666667,5.40335157318741,5.35146443514644,5.3446455505279,5.31696428571429,5.26349614395887,5.31451612903226,5.29013616817965,5.34171291658255,5.46040476787183,5.48273273273273,5.3625170998632,5.42909090909091,5.32071428571429,5.30967050018255,5.27613439451944,5.32374100719424,5.2415210688592,5.17598495023037,5.33333333333333,5.28919516394084,5.31696428571429,5.27859237536657,5.41495585126228,5.44545454545455,5.45166402535658,5.3934126984127,5.32438565927013,5.35367445441911
"33139","Miami Beach","FL","Miami-Fort Lauderdale","Miami-Dade",16,,,,,,,,,,,,,,,,,,,,,,2.16375824643541,2.18023255813953,2.14285714285714,2.3780487804878,2.49186871673566,2.5,2.55,2.45454545454545,2.82698279980889,2.86885245901639,2.71142238043647,2.63157894736842,2.6541095890411,2.65486725663717,2.63888888888889,2.65654648956357,2.64119671030547,2.66666666666667,2.73573923166473,2.66240681576145,2.7374686716792,2.75369780939899,2.75081462708182,2.7027027027027,2.73654916512059,2.8162089142497,2.80056022408964,2.77227722772277,2.84090909090909,2.79219928369682,2.66666666666667,2.72315513193684,2.76654882360112,2.78947368421053,2.76923076923077,2.84090909090909,2.80898876404494,2.8,2.9,2.85714285714286,2.85846072746442,2.80713464604887,2.77958123681221,2.98,2.93814432989691,2.8452380952381,2.82752120640905,3.06194232510022,3,2.85714285714286,2.83267952212344,2.87277701778386,2.90178571428571,2.92812777284827,3,2.9,2.94280888030888,2.91545189504373,2.98595543780993,3.01826560921089
"11377","New York","NY","New York","Queens",17,,,,,,,,,,,,,,,,,,,,,,,,,,,,,,,,,,,,,,,,,,,,,,,,,,,,,,,,,,,,,,,,,2.37254901960784,2.35357142857143,2.47579767947788,2.4,2.32142857142857,2.35357142857143,2.25641025641026,2.5,2.53478260869565,2.48062015503876,2.5,2.5,2.5,2.42142857142857,2.44722222222222,2.4,2.375
"60610","Chicago","IL","Chicago","Cook",18,,1.99952380952381,2.0231593038822,2.04022988505747,2.06882239382239,2.11494252873563,2.10833333333333,2.12987012987013,2.11622474747475,2.07647058823529,2.07647058823529,2.10238095238095,2.11764705882353,2.12844036697248,2.09861111111111,2.3,2.30588235294118,2.31365546218487,2.39166666666667,2.35909090909091,2.33943427620632,2.33943427620632,2.32142857142857,2.41098169717138,2.40304487179487,2.3375742809603,2.39375,2.37367816091954,2.41379310344828,2.35041666666667,2.31136111111111,2.28380952380952,2.21857142857143,2.19108280254777,2.27571428571429,2.27571428571429,2.29809523809524,2.30125523012552,2.31397727272727,2.32510460251046,2.35013623978202,2.43443504871482,2.3255230125523,2.3278463648834,2.33875338753388,2.35452338359315,2.3546511627907,2.26993006993007,2.44383270896176,2.26315151515151,2.30452182952183,2.36467613319465,2.36295768528337,2.37671232876712,2.32970135730494,2.30867977377832,2.29339862304327,2.32622304473769,2.28169014084507,2.28451849143693,2.46788194444444,2.34722222222222,2.27586206896552,2.39,2.39285714285714,2.50837988826816,2.32526150627615,2.27142857142857,2.35047619047619,2.26214285714286,2.27586206896552,2.34952380952381,2.58274647887324,2.54545454545455,2.68333333333333,2.41333333333333,2.35,2.46309523809524,2.47738095238095,2.39290212306585,2.44444444444444
"33025","Miramar","FL","Miami-Fort Lauderdale","Broward",19,,,,,,,,,,,,1.2448132780083,1.21552588737012,1.20852401566687,1.22511485451761,1.22511485451761,1.19175107947728,1.22235157159488,1.2,1.20593692022263,1.16666666666667,1.18110236220472,1.20814375226491,1.18110236220472,1.21875,1.25588697017268,1.21581736968172,1.23961576342529,1.18922830485611,1.22727272727273,1.22727272727273,1.22366853836992,1.23281425364759,1.23244143093224,1.22895622895623,1.25477440046651,1.2620953012038,1.26342393473152,1.26262626262626,1.24666666666667,1.21822033898305,1.23031496062992,1.26262626262626,1.27882308423104,1.28819945486612,1.31455399061033,1.31881313131313,1.28981062565022,1.29534231200898,1.30168453292496,1.31199739603278,1.32848360655738,1.325,1.273268061887,1.27572869180826,1.26583089781059,1.28504672897196,1.375,1.375,1.34228187919463,1.37647637795276,1.39751552795031,1.37459150326797,1.3986013986014,1.36468855218855,1.3986013986014,1.33996937212864,1.28065899824577,1.37479499794998,1.39138689048761,1.35,1.4,1.41193468068983,1.38888888888889,1.38488137766786,1.43237082066869,1.43755615453729,1.46551724137931,1.41653905053599,1.31578947368421,1.4
"11355","New York","NY","New York","Queens",20,,,,,,,,,,,,,,,,,,,,,,,,,,,,,,,,,,,,,,,,,,,,,,,,,,,,,,,,,,,,,,,,,,,,,,1.91162166421232,2.06540447504303,2.29565684468999,2.12019230769231,2.35851243152128,2.42192578548212,2.375,2.41038732394366,2.4,2.5,2.5,2.5
"11215","New York","NY","New York","Kings",21,,,,,,,,,,,,,,,,,,,,,,,,,,,,,,,,,,,,,,,,,,,,,,,,,,,,,3.18181818181818,3.15131578947368,3.13484848484848,3.15940713853599,3.15789473684211,3.14285714285714,3.09090909090909,3.26794871794872,3.28282828282828,3.24915824915825,3.19444444444444,3.1875,3.21644960804522,3.27272727272727,3.17647058823529,3.28571428571429,3.23076923076923,3.17241379310345,3.06904761904762,3.22222222222222,3.26086956521739,3.32089572192513,3.33333333333333,3.375,3.374375,3.33333333333333,3.30902777777778,3.33333333333333,3.3
"60611","Chicago","IL","Chicago","Cook",22,,,2.16293161488891,2.17738061657928,2.27245250431779,2.31692573402418,2.27792207792208,2.33434959349594,2.33266666666667,2.33941093969144,2.33173076923077,2.32469512195122,2.29807692307692,2.33013531184263,2.56942313131495,2.61224489795918,2.51829268292683,2.49273255813953,2.4831864483382,2.53684210526316,2.47596153846154,2.4411621001992,2.42863321189991,2.45625654107797,2.4585635359116,2.40254237288136,2.5,2.55039706780696,2.59274193548387,2.58653846153846,2.55,2.49962406015038,2.48706320103538,2.41917424550351,2.46269061948504,2.48475609756098,2.50407830342577,2.54192978533095,2.5957095709571,2.73371508379888,2.69365079365079,2.73,2.66081432573029,2.61303044611595,2.5609375,2.57894736842105,2.54777070063694,2.59469401202537,2.81184103811841,2.76302349336057,2.77968923418424,2.75833333333333,2.79131157012856,2.76995252008766,2.70884520884521,2.72147239263804,2.72011119631902,2.76942876942877,2.63693181818182,2.62973368785518,2.63660017346054,2.71022913256956,2.73,2.73,2.7725,2.76130952380952,2.74301675977654,2.69340366039654,2.75373711340206,2.68098218584497,2.68098218584497,2.6922619047619,2.72026209677419,2.88732394366197,2.9290780141844,2.76961538461538,2.76428571428571,2.76902398676592,2.92272727272727,2.69633099141296,2.61874197689345
"33009","Hallandale","FL","Miami-Fort Lauderdale","Broward",23,,,,,,,,,,,,,,,,,,,,,,,,,,,,,,,,,,,,,,,,,,,,,,,,,,,,,,,,,,,1.5077519379845,1.53846153846154,1.41176470588235,1.38888888888889,1.29147393702188,1.40873015873016,1.38615384615385,1.3687343358396,1.38297872340426,1.38297872340426,1.47495959414564,1.49606299212598,1.53846153846154,1.53005464480874,1.47251210849209,1.54417779161402,1.52680652680653,1.60990338164251,1.63800163800164,1.571,1.66256157635468,1.78295241077019,1.89266299396251
"07302","Jersey City","NJ","New York","Hudson",24,,,,,,,,,,,,,,,,,,,,,,,,,,,,2.48125,2.90222222222222,2.97366333356163,2.99586776859504,2.96296296296296,2.96108291032149,2.88135593220339,2.85714285714286,2.91666666666667,2.94172062904718,2.95723384895359,2.95930949445129,2.9940119760479,2.98786181139122,2.97297297297297,2.93333333333333,2.94798060208901,2.94798060208901,2.9339605734767,2.93458781362007,2.94798060208901,2.93458781362007,2.92879065301394,2.95,3,3,3.01503094606543,2.96717318176546,2.9358253753415,2.96137339055794,2.96717318176546,2.995,3,2.995,3.08493647912886,2.995,2.995,3.00862068965517,3.05512422360248,3.0921568627451,3.13333333333333,3.15789473684211,2.96137339055794,2.96717318176546,3,3.14078282828283,2.99944444444444,3.07112068965517,3.125,3.17572494083335,3.54187625754527,3.17073170731707,3.17796610169492,3.27866078753076
"11372","New York","NY","New York","Queens",25,,,,,,,,,,,,,,,,,,,,,,,,,,,,,,,,,,,,,,,,,,,2.5,2.5,2.48275862068966,2.49137931034483,2.57142857142857,2.5,2.57142857142857,2.5,2.45608628659476,2.45762711864407,2.5,2.55644310872087,2.46666666666667,2.5,2.46666666666667,2.45,2.4,2.40689655172414,2.39565217391304,2.375,2.4,2.42753623188406,2.28571428571429,2.30208333333333,2.41780448717949,2.3125,2.421875,2.3125,2.33333333333333,2.25,2.40442307692308,2.5,2.36111111111111,2.42857142857143,2.45454545454545,2.45123106060606,2.47586206896552,2.41428571428571,2.375
"33311","Fort Lauderdale","FL","Miami-Fort Lauderdale","Broward",26,,,,,,,,,,,,,,,,,,,,,,,,,,,,,,,,,,,,,,,,,,,,,,,,,,,,,,,,,,,,,,,,,,,,,,1.13636363636364,1.03605769230769,1.04086538461538,1.13386377921262,1.12362156034216,1.14113366526235,1.15367553865653,1.13386377921262,1.27564102564103,1.2,1.20307338790751,1.16835919671383
"10701","Yonkers","NY","New York","Westchester",27,,,,,,,,,,,,,,,,,,,,,,,,,,,,,,,,,,,,,,,,,,,,,,,,,,,,,,,,,,,,,,,,,,,,,1.92002012072435,1.8,1.88690476190476,1.89457338999673,1.86515151515152,1.8944099378882,1.89272179036764,1.8935516888434,1.95089285714286,1.98525798525799,2.02702702702703,2.03276606164488,2.00603621730382
"60616","Chicago","IL","Chicago","Cook",28,,,,,,,,,,,,,,,,,,,,,,,,,,,,,,,,,,,,,,,,2.15,2.1725,2.09074889867841,2.22408115210764,2.22222222222222,2.25665859564165,2.09680365296804,2.05125,2.07299657534247,2.27331606217617,2.24005681818182,2.00961538461538,2.14380902777778,2.17904993909866,2.21132764920828,2.26441199077633,2.35567010309278,2.36093143596378,2.33333333333333,2.32485588335029,2.26614620298084,2.44877049180328,2.20192307692308,2.1136563876652,2.13673957621326,1.88397058823529,1.915,1.94247854077253,1.82557841251048,2.1136563876652,1.90701923076923,2.08623995853848,1.92567567567568,2.08534761130833,2.05703883495146,2.05703883495146,1.975,2.05287356321839,1.86205909920576,2.03744493392071,1.96305841924399,2.09090909090909
"60622","Chicago","IL","Chicago","Cook",29,,,,,,,,,,,,,,,,,,,,,,,,,,,,,,,,,,,,,,,,,,,,,,,,,,,,1.58333333333333,1.71825396825397,1.64285714285714,1.6,1.67430555555556,1.78035714285714,1.76470588235294,1.66111111111111,1.86791930379747,1.76944444444444,1.73333333333333,1.80833333333333,1.83529411764706,1.9047619047619,2,1.69230769230769,1.86607142857143,1.68990384615385,1.63333333333333,1.795,1.73611111111111,1.82291666666667,1.8,1.76176470588235,1.77272727272727,1.78571428571429,1.75735294117647,1.6975,1.66666666666667,1.625
"60660","Chicago","IL","Chicago","Cook",30,,,,,,,,,,,,,,,,,,,,,,,,,,,,,,,,,,,,,,,,,,,,,,,,,,,,1.55,1.58766666666667,1.60028205128205,1.58333333333333,1.54772727272727,1.51920289855072,1.54166666666667,1.54583333333333,1.55,1.51711956521739,1.60485347985348,1.595,1.56517857142857,1.60485347985348,1.59,1.48,1.66666666666667,1.68181818181818,1.59354166666667,1.616,1.61904761904762,1.6875,1.79775280898876,1.75,1.746875,1.695,1.65178571428571,1.6875,1.78125,1.60128205128205
"11368","New York","NY","New York","Queens",31,,,,,,,,,,,,,,,,,,,,,,,,,,,,,,,,,,,,,,,,,,,,,,,,,,,,,,,,,,,,,,,,,,,2.13701015965167,2.18039215686274,2.3593570608496,2.26166888248413,2.12150433944069,2.2939729397294,2.40053050397878,2.37185508218719,2.34855545200373,2.35714285714286,2.42590133513792,2.28301886792453,2.50175315568022,2.45256401031977,2.48777674465849
"33015","Country Club","FL","Miami-Fort Lauderdale","Miami-Dade",32,,,,,,,,,,,,,,,,,,,,,,,,,,,,,,,,,,,,,,,,,,,,,,,,,,,,,,,,,,,,,,,,,,,,,1.32100891191113,1.40924464487035,1.30530509540784,1.4102674837255,1.39705882352941,1.41129032258065,1.43171806167401,1.45454545454545,1.49402390438247,1.43592788363798,1.46556583602224,1.49186256781193,1.48048452220727
"33141","Miami Beach","FL","Miami-Fort Lauderdale","Miami-Dade",33,,,,,,,,,,,,1.7171198156682,1.7481608962678,1.72072668431892,1.76955192723477,1.7743979721166,1.79628989514921,1.86567164179104,1.69851380042463,1.66666666666667,1.4625,1.38125763125763,1.48351648351648,1.46666666666667,1.5311747560512,1.60491606714628,1.59872102318145,1.66666666666667,1.73872180451128,1.80749430749431,1.83168316831683,1.77598566308244,1.80681028492008,1.85735512630015,1.79046554009278,1.79611650485437,1.86666666666667,1.86393451735735,1.86666666666667,1.92095510021274,1.85619691119691,1.95336425869213,1.92307692307692,1.9124100938681,1.8312101910828,1.81487470141445,1.97,1.98902606310014,1.91747572815534,1.88573158661949,1.84615384615385,1.9,1.95982753775951,1.95696185157543,1.86666666666667,1.85810810810811,1.98895027624309,2,1.98792107027511,1.96634615384615,1.96518580664922,1.93981285559787,1.88547584248733,1.93298969072165,2.1655701754386,2,2.01923076923077,1.88074006332999,1.95160031225605,2,1.90458528194377,1.95454545454545,1.98019801980198,2,2.02567567567568,2.02567567567568,2.03846153846154,2.02898550724638,2.02587075615163,2.00747877644522,2.01747556350405
"11354","New York","NY","New York","Queens",34,,,,,,,,,,,,,,,,,,,,,,,,,,,,,,,,,,2.14285714285714,2.14642857142857,2.15,2.14642857142857,2.16515151515152,2.1751443001443,2.16666666666667,2.17857142857143,2.1875,2.28571428571429,2.19615384615385,2.28571428571429,2.35714285714286,2.3,2.35454545454545,2.2,2.25,2.23863636363636,2.25833333333333,2.29681251470242,2.35,2.26666666666667,2.16666666666667,2.22727272727273,2.21428571428571,2.23030303030303,2.22077922077922,2.1365307486631,2.18465909090909,2.22727272727273,2.05555555555556,2.21875,2.04545454545455,2.25,2.33333333333333,2.33180428134557,2.07828282828283,2.30769230769231,2.36607142857143,2.38002717391304,2.42285714285714,2.66447368421053,2.67857142857143,2.61538461538462,2.65384615384615,2.65833333333333,2.72363636363636,2.55285714285714
"11374","New York","NY","New York","Queens",35,,,,,,,,,,,,,,,,,,,,,,,,,,,,,,,,,,,,,,,,,,,2.47676882446874,2.34507761437909,2.34375,2.33022636484687,2.3,2.37279411764706,2.4,2.375,2.37279411764706,2.42307692307692,2.39762977262977,2.46386554621849,2.4009900990099,2.42574257425743,2.4523080663741,2.40153698366955,2.37544728874209,2.33380018674136,2.32575757575758,2.38636363636364,2.54545454545455,2.44650606015263,2.36842105263158,2.5,2.58823529411765,2.45833333333333,2.5,2.47058823529412,2.19512195121951,2.28888888888889,2.37975417032485,2.33854166666667,2.33333333333333,2.33333333333333,2.33333333333333,2.38888888888889,2.43910256410256,2.44888888888889,2.33363636363636
"33065","Coral Springs","FL","Miami-Fort Lauderdale","Broward",36,,,,,,,,,,,,,,,,,,,,,,,,,,,,,,,,,,,,,,,,,,,,,,,,,,,,,,,,,,,,,,,,,,,,,,1.09855072463768,1.15366001209921,1.17727272727273,1.2012012012012,1.22380585516179,1.23295675314629,1.29180646300547,1.28174603174603,1.27365177195686,1.19426229508197,1.2044967044967,1.15137085137085
"33020","Hollywood","FL","Miami-Fort Lauderdale","Broward",37,,,,,,,,,,,,,,,,,,,,,,,,,,,,,,,,,,,,,,,,,,,,,,,,,,,,,,,,,,,,,,,,,,,,,1.16666666666667,1.1875,1.32666666666667,1.17115384615385,1.23076923076923,1.28113879003559,1.5063731170336,1.45470004460303,1.23417721518987,1.31818181818182,1.28571428571429,1.28571428571429,1.34807692307692
"10010","New York","NY","New York","New York",38,,,,,,,,,,,,,,,,,,,,,,,,,,,,,,,,,,,,,,,,,,5.66666666666667,5.87579732914375,5.66037735849057,5.72846069298777,5.6875,5.80204778156997,5.66352201257862,5.94023817802503,5.90349075975359,6.22941176470588,5.80828594638505,5.71428571428571,5.75896488849409,5.74225255972696,5.68262987012987,5.44041450777202,5.35714285714286,5.35714285714286,5.27857142857143,5.48529411764706,5.8641975308642,5.80828594638505,5.70714285714286,5.6123595505618,5.52392510402219,5.54785020804438,5.80828594638505,5.72072658570099,5.79714738510301,5.56659959758551,5.76450511945392,5.66794871794872,5.68207592170862,5.83333333333333,5.65593087195601,5.6125,5.53055555555556,5.49699698189135,5.6,5.57465900933238
"33178","Doral","FL","Miami-Fort Lauderdale","Miami-Dade",39,,,,,,1.18387370084835,1.19979134063641,1.19742990654206,1.20604587729632,1.21518987341772,1.21735103426984,1.22663551401869,1.22663551401869,1.22663551401869,1.26432165081395,1.25,1.25164907651715,1.26671420930647,1.29213483146067,1.29213483146067,1.29913391072618,1.26738725473792,1.25492132782605,1.26582278481013,1.29122870605292,1.28859078021632,1.29603301530709,1.31172260179693,1.32530120481928,1.33527131782946,1.31509731720147,1.3375295043273,1.35730714791224,1.38522427440633,1.35702370120023,1.34831460674157,1.3801610102223,1.37184115523466,1.35787567893784,1.36307334284213,1.37371334996881,1.39331210191083,1.33946161206799,1.33378932968536,1.37462780577187,1.37921709777886,1.35036496350365,1.31168019987508,1.35576421491914,1.46481142484578,1.4431321169149,1.43638850889193,1.50602409638554,1.51223184404929,1.487826871055,1.51331719128329,1.52931180968564,1.54332172439759,1.53826070706182,1.55254777070064,1.45985401459854,1.45454545454545,1.42667551426676,1.37323943661972,1.50602409638554,1.44987572493786,1.53020860993096,1.45962732919255,1.4547515270652,1.50671629216989,1.5100404886459,1.60232661529342,1.57318741450068,1.63216560509554,1.62184189079055,1.59235668789809,1.61707713682851,1.61100075529957,1.6155758077879,1.61603102779573,1.58163265306122
"11106","New York","NY","New York","New York",40,,,,,,,,,,,,,,,,,,,,,,,,,,,,,,,,,,,,,,,,,,,,,,,,,,,,,,,,,,,,,,,,,,,2.66666666666667,2.81746031746032,2.88321167883212,2.79166666666667,2.85267379679144,2.88562091503268,2.94736842105263,2.82605042016807,2.82738095238095,2.78571428571429,2.85,2.91666666666667,3.07142857142857,2.87840909090909,2.73372781065089
"33180","Aventura","FL","Miami-Fort Lauderdale","Miami-Dade",41,,,,,,,,,,,,1.39603232916973,1.53735898870802,1.54049295774648,1.53191489361702,1.50134048257373,1.54711673699015,1.60427807486631,1.59779614325069,1.59889807162534,1.630184574779,1.59360005838031,1.61681383370125,1.54761904761905,1.54506610770719,1.60558792719654,1.69289389695825,1.69232828609852,1.70573493414151,1.71581769436997,1.71581769436997,1.70407315045719,1.69491525423729,1.70827858081472,1.70751333307507,1.70020120724346,1.73913043478261,1.73810981833027,1.74249757986447,1.81468023255814,1.84210526315789,1.88458972648432,1.84210526315789,1.83652141786739,1.83553597650514,1.82841068917018,1.81154247910864,1.83553597650514,1.83971349464307,1.86282811176969,1.81659349786426,1.83553597650514,1.79210546693511,1.83553597650514,1.83197333283766,1.89775056826631,1.89426493737991,1.8361581920904,1.79518900343643,1.81752114164905,1.8361581920904,1.82661410370918,1.83584708429777,1.83553597650514,1.78764897074756,1.82083899168223,1.7790095809196,1.78764897074756,1.82841068917018,1.81372271166677,1.7933390264731,1.78836309177679,1.8095987411487,1.85294117647059,1.85185185185185,1.84147819788068,1.879827351204,1.86510308027509,1.88087774294671,1.89393939393939,1.85601410649868
"10022","New York","NY","New York","New York",42,,,,,,,,,,,,,,,,,,,,,,,,,,,,,,,,,,,,,,,,,,4.6237272708029,4.66101694915254,4.58333333333333,4.56108267411199,4.75482912332838,4.70303326810176,4.59651162790698,4.62068965517241,4.53636363636364,4.53846153846154,4.67570790186052,4.67741935483871,4.77605321507761,4.77605321507761,4.66666666666667,4.81666666666667,4.87243243243243,4.91666666666667,4.83798051682903,4.91287878787879,4.91666666666667,4.90909090909091,4.9,4.72794117647059,4.73863636363636,4.69854687718318,4.72536760547449,4.54545454545455,4.9912037037037,4.56309523809524,4.68122260774288,4.58333333333333,4.67105263157895,4.68122260774288,4.73333333333333,4.75,4.94217894096166,4.64583333333333,4.625,4.57142857142857
"11222","New York","NY","New York","Kings",43,,,,,,,,,,,,,,,,,,,,,,,,,,,,,,,,,,,,,,,,,,,,,,,,,,,,,,,,,,,,,,,,,,3.15587044534413,3.15789473684211,3.12698412698413,3.27181818181818,3.05882352941176,3.15789473684211,3.33333333333333,3.44544388777555,3.39285714285714,3.4,3.42857142857143,3.371875,3.35,3.27928571428571,3.21666666666667,3.2
"10065","New York","NY","New York","New York",44,,,,,,,,,,,,,,,,,,,,,,,,,,,,,,,,,,,,,,,,,,4.99040307101727,5.05651340996169,5.0027808676307,5,5.08849557522124,5,5.13888888888889,5.26315789473684,5.23508137432188,5.20766013123724,5.2027397260274,5.3475935828877,5.49436090225564,5.45585068198134,5.6,5.4101966873706,5.45585068198134,5.28887923544744,5.23255813953488,5.23121387283237,5.33333333333333,5.27058850427546,5.34090909090909,5.12820512820513,5.16724574943753,5.0089605734767,4.9875,5.0245855734767,4.99375,5.14138655462185,5.01792114695341,5.06756756756757,5.06849315068493,5.34188034188034,5.44393939393939,5.29411764705882,5.182,4.99444444444444,5.24096385542169,5.15384615384615
"60605","Chicago","IL","Chicago","Cook",45,1.91036414565826,1.92397715382513,1.92511013215859,1.95335189896984,1.97459426664644,2.11563876651982,2.06284916201117,2.09090909090909,2.07456095306563,2.11360634081902,2.09090909090909,2.09110671936759,2.09296264118158,2.23714759535655,2.2719614921781,2.2123663027632,2.24051724137931,2.2320936666182,2.23275208491281,2.21350985119295,2.18340567231321,2.18835565228949,2.1859756097561,2.22448979591837,2.22983572013892,2.25360712995303,2.27973568281938,2.31387665198238,2.31166666666667,2.33748701973001,2.29947702883141,2.28211920529801,2.24348556802763,2.21443464619696,2.20457014514836,2.16006097560976,2.15800882715506,2.19470947996737,2.21678074164362,2.3417243078656,2.38995297344959,2.40876436781609,2.37462967071691,2.34180790960452,2.28821985747304,2.29655172413793,2.32984293193717,2.31064450692622,2.23318716222623,2.21707898762342,2.25764705882353,2.26474278544542,2.28211586901763,2.36220472440945,2.50201357454169,2.54511627906977,2.53033088235294,2.47895622895623,2.42135740181416,2.35569650361304,2.37755102040816,2.36799743110919,2.30148154444633,2.33840709156512,2.22682611013786,2.2936170212766,2.4583543240974,2.19706242350061,2.29963898916967,2.31420367224784,2.2829525483304,2.33257918552036,2.33341053157495,2.40967741935484,2.42472329111062,2.39979094076655,2.37995594713656,2.37471783295711,2.50428163653663,2.3529700290914,2.30228794746955
"11561","Long Beach","NY","New York","Nassau",46,,,,,,,,,,,,,,,,,,,,,0.952018278750952,0.894854586129754,0.951776649746193,1.02258201959949,0.957008244994111,0.989879637889934,0.964566929133858,0.972222222222222,1.01543460601137,1.01543460601137,1.01604278074866,1.05646846504559,1.01543460601137,0.996654840548068,0.960219478737997,1,1.00763501623088,1.02484472049689,1.01862829997603,0.993612991618311,0.969895549005289,1.01156069364162,1.01543460601137,0.990551661078939,0.994942719280309,0.999333777481679,1.05932203389831,1.05932203389831,1.05960264900662,1.05960264900662,1.08047690014903,1.22555751123341,1.2962962962963,1.28752864782277,1.16174242424242,1.16107355133888,1.15538072313664,1.16999311768754,1.16803542810172,1.22488975992161,1.2709710218607,1.22448979591837,1.08840515326522,1.07050032488629,1.10297098746412,1.03626943005181,1.13917781079742,1.11561130197844,1.10294117647059,1.08695652173913,1.08942912529177,1.11458740711772,1.16355452176348,1.29545454545455,1.49739583333333,1.4827018121911,1.40734949179046,1.31100002482858,1.26735815204608,1.15961800818554,1.17773019271949
"11205","New York","NY","New York","Kings",47,,,,,,,,,,,,,,,,,,,,,,,,,,,,,,,,,,,,,,,,,,,,,,,,,,,,,,3.04356060606061,3.09090909090909,3.09090909090909,3,3.01307847082495,3,3.08766842913184,3.04563492063492,3,3.00653923541247,3.07666666666667,3.1,3.27083333333333,2.98488120950324,2.91875896700143,3.1,2.93333333333333,3.02941176470588,3.22808988764045,3.25062656641604,3.14142857142857,3.10536244800951,3.14285714285714,3.28571428571429,3.25277777777778,3.24368912741006,3.14285714285714,3.10833333333333
"11435","New York","NY","New York","Queens",48,,,,,,,,,,,,,,,,,,,,,,,,,,,,,,,,,,,,,,,,1.96651785714286,2,1.87836021505376,2.08116883116883,2.12019230769231,2.22291021671827,2.1,2.09545454545455,1.9375,1.99333333333333,2.08333333333333,1.98194444444444,2.03571428571429,2.31696428571429,2.33333333333333,2.125,2.19472222222222,2.13022727272727,2.21428571428571,2.20714285714286,2.25,2.17868983957219,2.26371635610766,2.27272727272727,2.31720890410959,2.01612903225806,2.21764705882353,2.359375,2.33333333333333,2.29839285714286,2.21825396825397,2.41545893719807,2.10416666666667,2.26576824349102,2.28571428571429,2.28664799253035,2.27857142857143,2.27502750275027,2.2967032967033,2.33402203856749,2.31233243967828,2.27857142857143
"02127","Boston","MA","Boston","Suffolk",49,,,,,,,,,,,,,,,,,,,,,,2.89041832010582,2.91913746630728,2.84679089026915,2.65404602821084,2.7986013986014,2.88,2.84416678140346,3.22222222222222,3.18674033149171,2.91125751680226,2.71887159533074,2.70967741935484,2.71887159533074,2.88881748071979,2.66666666666667,2.83333333333333,2.81818181818182,2.82776349614396,2.77915701202692,2.73082386363636,2.77660966264835,2.62631578947368,2.5,2.44444444444444,2.45454545454545,2.45227272727273,2.52272727272727,2.52272727272727,2.63636363636364,2.77777777777778,2.79329608938547,2.72332651670075,2.85535714285714,2.75,2.77777777777778,2.66355140186916,2.64318181818182,2.77280858676208,2.79329608938547,2.77777777777778,2.77777777777778,2.77777777777778,2.79138099902057,2.93333333333333,2.82477876106195,2.77642540300768,2.91042780748663,2.88562434417629,2.91847826086957,2.96536412078153,3,2.99739583333333,2.91666666666667,2.94361525704809,2.91666666666667,2.93203078744819,2.92460325121631,2.91847826086957,2.81923714759536,2.79329608938547
"33130","Miami","FL","Miami-Fort Lauderdale","Miami-Dade",50,,,,,,,,,,,,,,,,,,,,,,,,,,,,,,2.2554347826087,2.34516019855596,2.28077945084145,2.25631768953069,2.19928186714542,2.23010506331339,2.21434898139947,2.23196023615366,2.22667604067199,2.22405271828666,2.2486408497433,2.25273714958786,2.25273714958786,2.28328733517326,2.31935771632471,2.26510067114094,2.32454399480398,2.32350659425912,2.32945736434109,2.33333333333333,2.3230436197102,2.32558139534884,2.32258064516129,2.32350659425912,2.35457063711911,2.38353196099675,2.32454399480398,2.2845111198842,2.32558139534884,2.32654414753642,2.33297113693684,2.33374283374283,2.35022026431718,2.40811153358682,2.34375,2.35108739428111,2.38738738738739,2.31935771632471,2.3238135986371,2.29934010848068,2.37020316027088,2.36578707916288,2.47524752475248,2.47377039494231,2.46835443037975,2.46502331778814,2.47524752475248,2.50919726787043,2.51027960033106,2.50317200733718,2.47770069375619,2.47783713101907
"02472","Watertown","MA","Boston","Middlesex",51,,,,,,,,,,,,,,,,,,,,,,,,,,1.54545454545455,1.57380952380952,1.56,1.66666666666667,1.78235294117647,1.66666666666667,1.66666666666667,1.5625,1.5,1.49472486553579,1.5,1.52822009907997,1.56,1.59375,1.72995951417004,1.66666666666667,1.68634259259259,1.73228346456693,1.75,1.57694399129962,1.52026943517489,1.54545454545455,1.55050505050505,1.578073089701,1.67424242424242,1.71232876712329,1.66333333333333,1.62393162393162,1.67446549137284,1.66666666666667,1.69097859327217,1.57142857142857,1.57528036268194,1.57906824146982,1.61885245901639,1.64761904761905,1.69230769230769,1.78723404255319,1.75,1.66666666666667,1.81818181818182,1.63068181818182,1.57142857142857,1.62370943952802,1.65,1.59692372524231,1.62370943952802,1.69230769230769,1.71428571428571,1.69683357879234,1.64576802507837,1.69210526315789,1.62899159663866,1.57984333401597,1.57378740970072,1.46718146718147
"02130","Boston","MA","Boston","Suffolk",52,,,,,,,,,,,,,,,,,,,,,,,,,,,,,,,,,,,,,,,,,,,,,,,,,,,,,,,,,,,,,,,,,,,,,1.66666666666667,1.90097402597403,1.99722222222222,2,2.2,2.30384615384615,2.30101289134438,2.3,2.2703482839561,2.25,2.22222222222222,2.18181818181818,2.18823529411765
"02139","Cambridge","MA","Boston","Middlesex",53,,,,,,,,,,,3,3,2.71428571428571,2.71714285714286,2.7027027027027,2.94840294840295,2.97527047913447,2.88464518128293,2.89799072642968,3.23636363636364,3.00168828384607,2.92975796323781,2.95040906505666,2.69047619047619,3.09140625,2.95040906505666,2.79103554868624,2.88663581265304,3,2.98507462686567,2.94840294840295,2.91487366214278,2.84924242424242,2.84210526315789,2.84127735068007,2.82621951219512,2.85714285714286,2.85535714285714,2.875,2.88,2.93625524109015,3,2.92948636216518,2.81766293067663,2.78330019880716,2.74239631336405,2.74285714285714,2.75,2.77777777777778,2.875,2.93501048218029,2.91044776119403,3,2.91666666666667,2.8349358974359,2.74773755656109,2.70588235294118,2.73205128205128,2.75,2.8125,2.8099173553719,2.9874213836478,2.91987179487179,3,2.9303986260508,2.92044031648597,2.84210526315789,2.82051282051282,2.82021151586369,2.82051282051282,3,2.8099173553719,3,2.94117647058824,3,3.04700854700855,3.0734126984127,3,2.96150049358342,2.97222222222222,2.93646471522578
"02138","Cambridge","MA","Boston","Middlesex",54,,,,,,,,,,,,,,2.76556776556777,2.86939313984169,2.81488549618321,3.1681377397437,3.5,2.94736842105263,2.86259541984733,2.84962406015038,2.71428571428571,2.85714285714286,2.75,2.75,2.88235294117647,2.98602287166455,3.07692307692308,3.25,3.03430079155673,3.03430079155673,3.09750297265161,2.98602287166455,2.94871794871795,2.92249047013977,3,3.01704949088326,2.99666666666667,2.97619047619048,3.23303167420814,3.19334126040428,3.06547619047619,3.02690582959641,2.83,2.8,2.83,2.78522427440633,2.87634892086331,3.06547619047619,3.1166518254675,3.29411764705882,3.15,3.2537037037037,3.32822085889571,3.25,3.15789473684211,3.11111111111111,3,2.98406511376468,3.02,3.06547619047619,3.05263157894737,3.06547619047619,3.23076923076923,3.22404371584699,3.22404371584699,3.06453000275255,3.15757575757576,2.90074503311258,3.06214985994398,3.01351351351351,3.23220064724919,3.14685314685315,3.38873626373626,3.5,3.42969889905823,3.375,3.36842105263158,3.2,3.2,3.07179487179487
"11103","New York","NY","New York","Queens",55,,,,,,,,,,,,,,,,,,,,,,,,,,,,,,,,,,,,,,,,,,,,,,,,,2.60769230769231,2.61538461538462,2.5,2.5,2.5089605734767,2.62828947368421,2.56756756756757,2.44444444444444,2.35,2.43650793650794,2.42857142857143,2.48484848484848,2.42857142857143,2.4375,2.38809414024976,2.3841059602649,2.18181818181818,2.41666666666667,2.4,2.3125,2.42857142857143,2.18333333333333,2.41883116883117,2.53846153846154,2.66666666666667,2.66666666666667,2.8,2.75,2.74625,2.72727272727273,2.66666666666667,2.55,2.61333333333333
"10013","New York","NY","New York","New York",56,,,,,,,,,,,,,,,,,,,,,,,,,,,,,,,,,,,,,,,,,,5.31582446808511,5.4,5.45513654096229,5.3125,5.3125,5.5562751871042,5.59333333333333,5.6782334384858,5.79623840932989,5.42994066636239,5.55333333333333,5.60131795716639,5.40432345876701,5.4875,5.40127450980392,5.25657894736842,5.52301935903693,5.20083333333333,5.42142857142857,5.59333333333333,5.65942028985507,5.62436323366556,5.83793458371455,5.52527646129542,5.03989753796255,5.5452865064695,5.48961424332344,5.82781456953642,5.48089285714286,5.55,5.3619708994709,5.56364202657807,5.64044896586514,5.62300319488818,5.78684210526316,5.7142448809895,5.78409090909091,5.66589201332404,5.69038461538462,5.63381852657409
"11102","New York","NY","New York","Queens",57,,,,,,,,,,,,,,,,,,,,,,,,,,,,,,,,,,,,,,,,,,,,,,,,,,2.85714285714286,2.82371970111172,2.84495192307692,2.73891063274625,2.79285714285714,2.84615384615385,2.85805046287893,2.86991129469122,2.83333333333333,2.85895806861499,2.85895806861499,2.83333333333333,2.78571428571429,2.86875,2.85895806861499,2.85895806861499,2.85895806861499,2.86390526381569,2.85895806861499,2.85714285714286,2.99583333333333,2.75,2.98611111111111,3,2.95833333333333,3,2.90227272727273,2.93333333333333,2.99545454545455,2.99689903846154,2.85805046287893,2.86764705882353
"60654","Chicago","IL","Chicago","Cook",58,2.19576708290015,2.21977777777778,2.37140400250156,2.41141141141141,2.44476893554935,2.47974413646055,2.46588235294118,2.52899192371315,2.52854858405536,2.51557062146893,2.43660714285714,2.41935483870968,2.43333333333333,2.43333333333333,2.61054210891777,2.68316954507569,2.60791366906475,2.675,2.68814788316526,2.57666666666667,2.51147964310116,2.63222632226322,2.57627882599581,2.61538461538462,2.60977564102564,2.66610738255034,2.7018018018018,2.76987951807229,2.79916317991632,2.76770089933275,2.73856209150327,2.69463543624441,2.65067650676507,2.59320754716981,2.59285714285714,2.58108108108108,2.60335195530726,2.69104479141054,2.81829268292683,2.90909090909091,2.89392857142857,2.93947755881503,2.8003294892916,2.77974358974359,2.79336734693878,2.78764884152899,2.76470588235294,2.7656862745098,2.76021314387211,2.76341463414634,2.81896551724138,2.92174594976236,2.89223590804382,2.95739130434783,2.85710041592395,2.90276243093923,2.89239987595251,2.8956622959916,2.84210526315789,2.95810363836825,2.94522378923963,2.78664192949907,2.66310794780546,2.66310794780546,2.71941272430669,2.76470588235294,2.87998003117085,2.66310794780546,2.79608294930876,2.76406025824964,2.6790092879257,2.6588679245283,2.68,2.74913793103448,2.69242424242424,2.68,2.73033455067171,2.72333333333333,2.76931949250288,2.69031377899045,2.61437908496732
"77006","Houston","TX","Houston","Harris",59,,,,,,,,,,,,,,,,,,,,,,,,,,,,,,,,,,,,,,,,,,,,,,,,,,,,,1.24071403543637,1.16688236985907,1.25766030736619,1.25,1.19193482193708,1.25226244343891,1.22447649229782,1.07894736842105,1.2,1.37375,1.49955237242614,1.41175213675214,1.4,1.32777777777778,1.35245901639344,1.24583333333333,1.37692307692308,1.37251908396947,1.46071428571429,1.40588235294118,1.25,1.26319683987983,1.31091101694915,1.27355478208232,1.28214285714286,1.26633906907375,1.31578947368421,1.1109068627451,1.26491228070175
"33140","Miami Beach","FL","Miami-Fort Lauderdale","Miami-Dade",60,,,,,,,,,,,,,,,,,,,,,,,,,,,2.21446776611694,2.28718535469108,2.17606330365974,2.30263157894737,2.23076923076923,2.26026097271649,2.1813258636788,2.22222222222222,2.14285714285714,2.17606330365974,2.25385527876631,2.26452248112898,2.28102189781022,2.18446601941748,2.14626922049326,2.14285714285714,2.27272727272727,2.29734848484848,2.26666666666667,2.25269865067466,2.3696682464455,2.41779497098646,2.32876712328767,2.3972602739726,2.47063457469511,2.25248656159725,2.21921460892049,2.24887556221889,2.19891745602165,2.24887556221889,2.14050751879699,2.14050751879699,2.27272727272727,2.39474448315912,2.39877769289534,2.32088799192735,2.34567901234568,2.36694677871148,2.5,2.39384562489256,2.37450866679554,2.26080141747308,2.49461177120752,2.49461177120752,2.29020979020979,2.32683982683983,2.41779497098646,2.36031459937736,2.41779497098646,2.43864799759109,2.33500717360115,2.31707317073171,2.37118644067797,2.38454939237689,2.38095238095238
"10801","New Rochelle","NY","New York","Westchester",61,,,,,,,,,,,,,,,,,,,,,,,,,,,,,,,,,,,,,,,,,,,,,,,,,,,,,,,,,,,,,,,,,,,,,,2.5,2.57903357903358,2.25,2.38218226106892,2.41413714828697,2.5356434610166,2.54545454545455,2.63413659205116,2.3125,2.30401976495726,2.43307086614173,2.41403543307087
"33131","Miami","FL","Miami-Fort Lauderdale","Miami-Dade",62,,,,,,,,,,,,,,,,,,,,,,,,,,,,2.30434782608696,2.42718446601942,2.56655973113352,2.56666666666667,2.493321460374,2.48036421056949,2.45833333333333,2.50569476082005,2.53676470588235,2.48458991805677,2.48756218905473,2.50707484950956,2.53441514536849,2.53333333333333,2.53980288097043,2.56776556776557,2.56410256410256,2.52025202520252,2.496660730187,2.55068672334859,2.57452574525745,2.5833878351864,2.58140239285173,2.55068672334859,2.58301623164278,2.57524173656532,2.57595772787318,2.55120543063981,2.5871735206803,2.57758545327389,2.55120543063981,2.55068672334859,2.55524861878453,2.55068672334859,2.55524861878453,2.56756756756757,2.57575757575758,2.53764991918704,2.53980288097043,2.53333333333333,2.59938837920489,2.55555555555556,2.51372950613937,2.49006690953892,2.53549695740365,2.52025202520252,2.57510729613734,2.56562566221657,2.51612903225806,2.55068672334859,2.55068672334859,2.5833878351864,2.64042246759482,2.61579702348933
"02118","Boston","MA","Boston","Suffolk",63,,,,,,,,,,,,,,3.44725111441308,3.06754721353261,3.0625,3,2.95833333333333,2.91934005499542,2.91934005499542,2.91934005499542,2.95138888888889,2.87593984962406,2.9718456725756,2.9859228362878,3.12094155844156,3.08131868131868,3.1886170944088,3.24675324675325,3.2,3.2,3.23076923076923,3.2,3.125,3.16666666666667,3.25,3.25,3.25,3.30152766308836,3.43478260869565,3.4,3.29985652797704,3.35903083700441,3.33333333333333,3.39230769230769,3.38461538461538,3.35714285714286,3.54318990617923,3.54838709677419,3.63673977573811,3.64181692094313,3.6,3.64583333333333,3.52070766294453,3.46005774783446,3.42142857142857,3.42857142857143,3.5171862509992,3.56558501075817,3.6962962962963,3.76313269586093,3.70995995995996,3.77350427350427,3.6036036036036,3.68220899470899,3.84615384615385,3.64779874213836,3.45747126436782,3.4,3.3280429321763,3.62692307692308,4,3.96103896103896,3.77777777777778,3.6,3.67935185185185,3.6144578313253,3.5554435483871,3.51154618473896,3.5,3.42163355408389
"11104","New York","NY","New York","Queens",64,,,,,,,,,,,,,,,,,,,,,,,,,,,,,,,,,,,,,,,,,,,,,,,,,,,,,,,,,,,,,,,,,2.54675716440422,2.51470588235294,2.6,2.5,2.63333333333333,2.57142857142857,2.5,2.60748120300752,2.64285714285714,2.55555555555556,2.55555555555556,2.59352941176471,2.60357142857143,2.58911764705882,2.62583333333333,2.79411764705882,2.68761726078799
"02116","Boston","MA","Boston","Suffolk",65,,,,,,,,,3.69230769230769,3.60111788617886,3.5,3.57723577235772,3.81818181818182,3.9,3.91373360938578,4.11067580803134,4,3.85164835164835,3.90909090909091,3.87301587301587,4.15852130325815,3.83498398987266,4.06213890325634,3.8963638589618,4.16258570029383,4.09090909090909,4.15676454826012,4.04799216454456,4.04799216454456,3.94088669950739,4.04157549234136,4.02836350374644,4.05524608227228,3.96233605104573,4,4,4.04799216454456,4.05040832199106,4.11875,4.2,4.27272727272727,4.32886597938144,4.28571428571429,4.16666666666667,4.17786561264822,4.16666666666667,4.16666666666667,4.33912375317872,4.39764936336925,4.24912587412587,4.21111111111111,4.27272727272727,4.17028985507246,4.11764705882353,4,4.06360424028269,4.07692307692308,4.01238390092879,4.16666666666667,4.36595796676442,4.34266409266409,4.34565217391304,4.36229086229086,4.23214285714286,4.32988357050453,4.44444444444444,4.17424242424242,4.14787234042553,4.25265957446809,4.07142857142857,4.34266409266409,4.1415832290363,4.33042295542296,4.34266409266409,4.31818181818182,4.25,4.4,4.47619047619048,4.42814960629921,4.37710437710438,4.42322834645669
"33137","Miami","FL","Miami-Fort Lauderdale","Miami-Dade",66,,,,,,,,,,,,,,,,,,,,,,,,,,,,,,,,,,2.2568093385214,2.23292469352014,2.18475367779126,2.14550264550265,2.14007782101167,2.14007782101167,2.27042002349311,2.147468743595,2.15208034433285,2.23667119262507,2.17578143718591,2.12367820858387,2.15571939231457,2.19683655536028,2.30677797434763,2.30123061059805,2.30263157894737,2.26969696969697,2.28619813717189,2.30263157894737,2.31609356834656,2.30263157894737,2.45795601552393,2.56599623617972,2.50562949438652,2.50562949438652,2.50871417505809,2.48630136986301,2.51758087201125,2.51582278481013,2.4024024024024,2.5,2.5,2.34086761613837,2.3989898989899,2.52631578947368,2.36363636363636,2.30263157894737,2.40320427236315,2.45183887915937,2.45625073503469,2.53718285214348,2.45489744734165,2.4375,2.53718285214348,2.56241787122208,2.58092738407699,2.58907385266256
"10017","New York","NY","New York","New York",67,,,,,,,,,,,,,,,,,,,,,,,,,,,,,,,,,,,,,,,,,,5.17647058823529,5.20059435364042,5.20702159091807,5.18145000423129,5.12820512820513,5.20026702269693,5.12082853855006,5.20360480640854,5.32405821917808,5.35864805692392,5.21428571428571,5.36780821917808,5.29411764705882,5.28823529411765,5.53709856035437,5.54082650789996,5.26716826527291,5.24219620958751,5.13553113553114,5.33030821917808,5.0328227571116,5.0775,5.0328227571116,5.20491803278689,5.49044277130145,5.55053809728799,5.25068114735488,5.26086956521739,5.36860795454546,5.34231504770615,5.0775,5.07328072153326,5.15388156962743,5.03913865128307,5.11565836298932,5.3945885005637,5.395,5.25785714285714,5.31809145129225,5.28571428571429
"10038","New York","NY","New York","New York",68,,,,,,,,,,,,,,,,,,,,,,,,,,,,,,,,,,,,,,,,,,4.87586671802774,4.90552325581395,4.86568986568987,4.85714285714286,4.93542435424354,4.90615835777126,4.92881355932203,4.92832469994323,5.01543209876543,5.13157894736842,4.95307799545088,5,5.02637276580063,5.125,5.08333333333333,5.01768945363803,4.89527774590634,4.94486098319134,5.0373030583874,5.08940436639772,5.12397540983607,5.125,5.02380952380952,5.13698630136986,4.99642857142857,5.042,5.04950495049505,4.9664053389669,4.98329894881619,4.9664053389669,5.0258064516129,4.95,4.979035639413,5.13698630136986,5.17571721311475,5.21818181818182,5.24324324324324,5.27843574108818,5.1690294438386,4.9791872411941
"33019","Hollywood","FL","Miami-Fort Lauderdale","Broward",69,,,,,,,,,,,,,,,,,,,,,,,,,,1.46574074074074,1.48331499816648,1.58361486486486,1.575,1.74418604651163,1.80665687714146,1.76,1.74496644295302,1.82522123893805,1.75,1.70454545454545,1.68466522678186,1.68,1.7,1.79285714285714,1.8,1.73706896551724,1.8,1.875,1.72647257955315,1.8,1.81933542647828,1.84615384615385,1.74038461538462,1.75,1.93653846153846,1.91987179487179,1.975,1.76905138042579,1.95,1.91987179487179,1.66666666666667,1.66666666666667,1.66666666666667,1.78887795275591,2,1.92307692307692,2.08089845224613,2.23238255033557,2.01536772777168,1.77960526315789,2,1.95333052720194,2.17028380634391,1.91987179487179,1.92307692307692,1.75,1.79465776293823,1.90890350446648,1.96153846153846,2,2.12644396827521,2,2.17068250239036,1.94165607565216,1.91987179487179
"02143","Somerville","MA","Boston","Middlesex",70,,,,,,,,,,,,,,,,,,,,,,,,,,,,,,,,,,,,,,,,,,,,,,,,,,,,,,,,,,,,,,,,,,,,,2.05263157894737,2.23702127659574,2.22813238770686,2.16,2.12418300653595,2.2475,2.49166666666667,2.49166666666667,2.44722222222222,2.45922135318233,2.375,2.33333333333333,2.18309659090909
"60601","Chicago","IL","Chicago","Cook",71,,,,,,2.48461538461538,2.4027397260274,2.39457364341085,2.38815789473684,2.45205555035031,2.48888888888889,2.39523489368855,2.42763157894737,2.44270833333333,2.65958981612447,2.66006600660066,2.64657534246575,2.64657534246575,2.75247524752475,2.82753357753358,2.75715489664797,2.69538461538462,2.66990049751244,2.74528301886792,2.73267326732673,2.74528301886792,2.75240029542097,2.7905869324474,2.82537037037037,2.83682409827166,2.8639155982906,2.78064516129032,2.76085035491815,2.8090404040404,2.83539100516185,2.82961975176803,2.85263157894737,2.82842724978974,2.81132075471698,2.83901237311995,2.85182879018495,2.92089552238806,2.96208530805687,2.97283917620245,2.89358544031575,2.87576687116564,2.81195079086116,2.780625,2.90217391304348,2.91232981993852,2.84520884520885,2.93566956706282,2.91527987897126,2.96065573770492,2.92168807127155,2.94719079073082,2.99548645710662,2.93184488836663,2.87127371273713,2.78359096313912,2.75093632958801,2.86164623467601,2.97598186286973,2.90731707317073,2.99805068226121,3.003300330033,3.15258855585831,2.80343064794284,2.85245901639344,2.89108910891089,2.79878048780488,2.84592647789369,2.79207920792079,2.7860396039604,2.74355941938179,2.77381201044386,2.76762402088773,2.79083333333333,2.91656441717791,2.7801652892562,2.62222222222222
"10037","New York","NY","New York","New York",72,,,,,,,,,,,,,,,,,,,,,,,,,,,,,,,,,,,,,,,,,,,,,,,,,,,,,,,,,,,,,,,,,,,,,3.52013793103448,3.31100165818836,3.31045749812333,3.27102803738318,3.24907611019486,3.34830681652314,3.42857142857143,3.17350503970854,3.3623417721519,3.25,3.29285714285714,3.48581848969358,3.32278481012658
"33301","Fort Lauderdale","FL","Miami-Fort Lauderdale","Broward",73,,,,,,,,,,,,,,,,,,,,,,,,,,,,,,,,,,,,,,,,,,,,,,,,,,,,,,,,,,,,,,,,,,,,,,1.99680001646294,1.88555555555556,1.875,2.08333333333333,1.9702842377261,1.98127321693908,2.03527815468114,2.00642054574639,2.00582335813653,2.00291167906826,2.04571428571429,2.04447876447876
"02478","Belmont","MA","Boston","Middlesex",74,,,,,,,,,,,,,,,,,,,,,,,,,,,,,,,,,,,,,,,,,1.53846153846154,1.5400641025641,1.55,1.56521739130435,1.51274926446551,1.49642857142857,1.49821428571429,1.45227272727273,1.47916666666667,1.61677886705998,1.79597701149425,1.70979020979021,1.66666666666667,1.69230769230769,1.6,1.56613372093023,1.66666666666667,1.64456644144144,1.63288288288288,1.625,1.66666666666667,1.75015194594691,1.68010752688172,1.81818181818182,1.73611111111111,1.64609053497942,1.59023668639053,1.5,1.58333333333333,1.7,1.55555555555556,1.66666666666667,1.83531256351442,1.78856595336953,1.81818181818182,1.75720675944334,1.91176470588235,1.84615384615385,1.708984375,1.70833333333333,1.70833333333333
"02140","Cambridge","MA","Boston","Middlesex",75,,,,,,,,,,,,,,,,,,,,,,,,,,,,2.72851352469187,2.72727272727273,2.65612244897959,2.51376146788991,2.45738636363636,2.40909090909091,2.58817427385892,2.53333333333333,2.601246105919,2.601246105919,2.63636363636364,2.72727272727273,2.98661174047374,2.74712591194586,2.7437537208811,2.79351446099912,2.60072840790843,2.72321428571429,2.69989615784008,2.68561643835616,2.73406588279209,2.66295994410806,2.71741609644835,2.82142857142857,2.896,2.69444444444444,2.66666666666667,2.54820559610706,2.6,2.6,2.5,2.47058823529412,2.5,2.63322884012539,2.85205536912752,3.07715347285411,2.77421012072951,2.87121212121212,2.80336297943302,2.74567280848688,2.75633958103638,2.75316979051819,2.69461250360127,2.47222222222222,2.66666666666667,2.82182222222222,2.95387323943662,2.90849853882,3,2.94117647058824,2.75,2.66666666666667,2.63157894736842,2.59090909090909
"33154","Bal Harbour","FL","Miami-Fort Lauderdale","Miami-Dade",76,,,,,,,,,,,,,,,,,,,,,,,,,,,,,,,,,,,,,,,,,,,,,,,,,,,,,,,,,,,,,,,,,,,,,,2.33238937114663,2.284068227182,2.01522842639594,1.91709844559585,2.11457085828343,2.07706169175323,2.13485972011846,2.38015873015873,2.39007936507937,2.44181136199916,2.55606060606061,2.46913580246914
"02114","Boston","MA","Boston","Suffolk",77,,,,,,,,,,,,,,,,,,,,,,,3.66187363834423,3.50973709834469,3.396,3.44505494505495,3.4,3.6551724137931,3.98811096433289,3.81944444444444,3.69317160826595,3.45732221493488,3.51765799256506,3.51604872107186,3.62116991643454,3.90835579514825,4.02557856272838,4.04818092428712,4.04705882352941,3.9375,3.85225885225885,3.99144892725492,3.43076923076923,3.72250859106529,3.79929867986799,3.753,3.63636363636364,3.75,3.804056571966,3.75819672131148,4,3.80674119241192,3.81944444444444,3.58832807570978,3.6,3.66247906197655,3.68421052631579,3.62422132185363,3.66260162601626,3.75197137850467,3.79166666666667,3.8,3.78515625,4.0582726326743,3.83357666966158,3.71827322534417,3.40163934426229,3.27642307692308,3.7254881414514,3.70021900269542,3.5158929827409,3.63636363636364,3.28461538461538,3.71293800539084,3.61058495821727,3.78044871794872,3.58331223094454,3.62116991643454,3.65365365365365,3.56349206349206,3.64087412587413
"60661","Chicago","IL","Chicago","Cook",78,,,,,,,,,,,,,,,,,,,,,,,,,,2.98353741698292,2.88075560802834,2.88781163434903,2.82739726027397,2.81022183558069,2.66709511568123,2.57260726072607,2.6742301458671,2.54578754578755,2.83870967741935,2.8872997200548,2.81593025559738,2.60387534036143,2.51485148514851,2.48245614035088,2.39327883742053,2.48878923766816,2.81460345141727,2.86327077747989,2.81553398058252,2.66534321531345,2.57579294925834,2.61635944700461,2.79930795847751,2.77477766783236,2.84406779661017,2.91748014484375,2.97378849637681,2.9810298102981,2.92093023255814,2.92165432430037,2.91518630862,2.927663639653,2.81731684110371,2.91375182754869,2.7625536206608,2.77798682972719,2.79431480228478,2.7798833819242,2.73093045389614,2.81625,2.8234101579172,2.76019575856444,2.79999480708314,2.91293301387641,2.73910952916198,2.71451483560545,2.71050521251002,2.71050521251002,2.71451483560545,2.7007874015748,2.66768640122299,2.66485998193315,2.67684887459807,2.74608077758551,2.77388486972164
"02129","Boston","MA","Boston","Suffolk",79,,,,,,,,,,,,,,,,,,,,,2.79741092241092,2.7654953145917,2.78959092182684,2.73835616438356,2.74736842105263,2.74736842105263,2.73835616438356,2.74736842105263,2.63303477344573,2.71863711001642,2.75362068965517,2.84499584717608,2.8328488372093,2.94,2.98809523809524,2.92280701754386,3,3.03448275862069,3.03448275862069,2.88395997574287,2.93140350877193,2.92280701754386,2.94736842105263,3.03846153846154,3.00080906148867,3,3,3,3,3,2.9732202702226,2.92307692307692,2.92307692307692,3.04833880978459,2.90797987059669,2.85597762759264,2.83481360642861,2.90460721924896,2.91028457463889,2.95725877816757,3.01650518407629,2.93503910463862,2.90336496980155,2.80085617574832,3,2.74642857142857,2.82740619902121,2.775,2.70833333333333,2.909796314258,3.03846153846154,2.95238095238095,3.01923076923077,2.53333333333333,2.68248532289628,2.92379218008723,2.97534331277247,2.97982774069081,2.88888888888889,2.80701754385965,2.70135135135135
"33132","Miami","FL","Miami-Fort Lauderdale","Miami-Dade",80,,,,,,,,,,,,,,,,,,,,,,,,,,,,,,2.17391304347826,2.22508059126469,2.26933433192461,2.23021582733813,2.34301780693533,2.30481148488028,2.32213294934935,2.30414746543779,2.30658390600754,2.33772723247606,2.42483026188167,2.39802677942213,2.39802677942213,2.39605355884426,2.40202275600506,2.38749122183005,2.30029766811285,2.30319533838595,2.30414746543779,2.31397459165154,2.29835212489159,2.4,2.40967741935484,2.39276990964913,2.39802677942213,2.44519392917369,2.44449334777355,2.42812585413285,2.42209255029567,2.41935483870968,2.41545893719807,2.41304950184924,2.38549618320611,2.37812128418549,2.38198398943633,2.38322428207924,2.389486260454,2.38095238095238,2.38568588469185,2.35507246376812,2.30414746543779,2.30414746543779,2.29835212489159,2.28813559322034,2.3030303030303,2.35250018378095,2.29528535980149,2.31599225842209,2.3278370514064,2.31197771587744,2.31197771587744,2.31197771587744
"02141","Cambridge","MA","Boston","Middlesex",81,,,,,,,,,,,,,,,,,,,,,,,,,,,,,,,,,,,,,,,,,,,,,,,3,2.96946564885496,3.15174942669664,3.21428571428571,3.21428571428571,3.18965517241379,3.15470494417863,3.2,3.08888888888889,2.88562091503268,2.96536015128073,2.94444444444444,2.97833935018051,2.85535117056856,2.86343612334802,2.84302375439499,2.82971014492754,2.98888888888889,3,3.15037593984962,3,3.20715036803365,3.20982142857143,3,2.95833333333333,2.96957801766438,3.17425810904072,3,3,3.08333333333333,3.26315789473684,3.075,2.92857142857143,2.85714285714286,2.70833333333333
"10018","New York","NY","New York","New York",82,,,,,,,,,,,,,,,,,,,,,,,,,,,,,,,,,,,,,,,,,,5.3021978021978,5.2202868852459,5.14677057131933,5.01607717041801,5.12743628185907,5.04756871035941,5.00375375375375,5.07550849311074,5.09014812403353,5.03184713375796,5.14677057131933,5.13333333333333,5.15130998429462,5.18988694026529,5.18828451882845,5.17544459644323,5.11320069126887,5.05841911588499,5.1081359423275,5.14935988620199,5.18828451882845,5.15113962799442,5.15113962799442,5.17441860465116,5.19148936170213,5.28892455858748,5.15291936978684,5.14418125643666,5.1425131634296,5.15113962799442,5.13580876914787,5.12847972284492,5.23974833669427,5.2,5.24226418900641,5.1894495412844,5.27355739717618,5.17953959484346,5.04756871035941,5
"10005","New York","NY","New York","New York",83,,,,,,,,,,,,,,,,,,,,,,,,,,,,,,,,,,,,,,,,,,4.79188729874776,4.91803278688525,4.81535699099902,4.75961538461539,4.72952086553323,4.84752615468957,4.97815467831498,4.90550721561969,4.90417844474005,4.75851851851852,4.92898913951546,4.88805970149254,4.8680126682502,4.95951417004049,4.86881937436932,4.72952086553323,4.72952086553323,4.72380952380952,4.73142709943328,4.72222222222222,4.75,4.75,4.72952086553323,4.76023081604188,5.04685062402496,4.72952086553323,4.72587154387773,4.61984605447303,4.72222222222222,4.70833333333333,4.80102837461046,4.69033530571992,4.76413255360624,4.928125,4.91803278688525,5.10212097407698,5.17122933884298,5.03753351206434,4.89830508474576,4.84539214738499
"02458","Newton","MA","Boston","Middlesex",84,,,,,,,,,,,,,,,,,,,,,,,,,,,,1.84,1.9,1.78571428571429,1.75192786069652,1.6,1.63636363636364,1.575,1.54723707664884,1.54545454545455,1.66666666666667,1.69047619047619,1.72150455927052,1.83974358974359,1.94804318488529,1.83333333333333,1.68181818181818,1.68181818181818,1.6,1.61554252199413,1.755,1.89473684210526,1.66666666666667,1.75,1.93333333333333,1.86666666666667,1.83333333333333,1.73966325660699,1.73333333333333,1.70588235294118,1.68302945301543,1.64495798319328,1.59846547314578,1.62141779788839,1.82909090909091,1.81818181818182,1.7671302578019,1.70588235294118,1.91454545454545,1.80392156862745,1.75829187396352,1.74466666666667,1.69230769230769,1.62019230769231,1.6875,1.79347826086957,1.75,1.83593999361634,1.86752136752137,1.80048118480954,1.75763182238668,1.66666666666667,1.66666666666667,1.77108910891089,1.76
"10280","New York","NY","New York","New York",85,,,,,,,,,,,,,,,,,,,,,,,,,,,,,,,,,,,,,,,,,,,,,,,,,,,,,,,,,,,,,,,,,,,,,4.67464812544909,4.54545454545455,4.41676670668267,4.56588301837973,4.59340237821251,4.61836561743341,4.73965287049399,4.99124343257443,4.99617834394904,4.71315381865841,4.49524446142093,4.52549433877858,4.6641937543684
"02113","Boston","MA","Boston","Suffolk",86,,,,,,,,,,,,,,3.29230769230769,3.2,3.3,3.33333333333333,3.35483870967742,3.17067307692308,3.02325581395349,3.01162790697674,2.88888888888889,2.96764705882353,3,3.15207373271889,3.25,3.33333333333333,3.23076923076923,3.25,3.2819332566168,3.28141599294164,3.29241317011593,3.26315789473684,3.17460317460317,3.07692307692308,3.4005076142132,3.29113924050633,3.33333333333333,3.33333333333333,3.33333333333333,3.6,3.5,3.4010152284264,3.4,3.33333333333333,3.3,3.38461538461538,3.40532060027285,3.5,3.53811188811189,3.5,3.55050505050505,3.67543859649123,3.66666666666667,3.57854297097325,3.46320346320346,3.4,3.38461538461538,3.33333333333333,3.57142857142857,3.57142857142857,3.57828790927382,3.65217391304348,3.67063492063492,3.6,3.63858695652174,3.68333333333333,3.29411764705882,3.5,3.25657894736842,3.53846153846154,3.37980769230769,3.38461538461538,3.55042016806723,3.66666666666667,3.72077922077922,3.81818181818182,3.65942028985507,3.54195804195804,3.57142857142857,3.47222222222222
"02111","Boston","MA","Boston","Suffolk",87,,,,,,,,,,,,,,,,,,,,,,,,,,,,,,,,,,,,,,,,,,,,,,,,,,,,,,,,,,,,,,,,,,,,,,3.97368421052632,3.99095022624434,4.39335212591027,4.25858340091917,4.21400084235081,4.25127193865412,4.11900889006249,3.87391805351865,3.65691489361702,3.50141242937853,3.53741496598639,3.42065217391304
"11109","New York","NY","New York","New York",88,,,,,,,,,,,,,,,,,,,,,,,,,,,,,,,,,,,,,,,,,,,,,,,,,,,,,,,,,,,,,,,,,,,,,,4.13603139497249,3.97189349112426,4.08725092115963,4.07216494845361,4.09331925695713,4.13744740532959,4.21428571428571,4.21407185628743,4.21241050119332,4.32133131230089,4.185733512786,3.996595806122
"10282","New York","NY","New York","New York",89,,,,,,5.14161392405063,5.09375,4.9984375,4.96774193548387,4.93202764976959,4.92783505154639,5,5.07423687423687,5.08823529411765,5.22091346153846,5.35,5.39256198347107,5.52564664163538,5.31302876480541,5.36737207670238,5.33294581924667,5.40665434380776,5.42857142857143,5.23129894058038,5.26577380952381,5.39921465968586,5.43086058239792,5.5,5.54187192118227,5.60714285714286,5.6247717348154,5.59054812111381,5.59296296296296,5.62538118123491,5.63613053613054,5.65428109854604,5.71065989847716,5.63818181818182,5.6569696969697,5.83333333333333,5.82706766917293,5.86776859504132,5.90622182146078,5.87878787878788,5.84415584415584,5.8354114713217,5.83437240232751,5.8732782369146,5.89660743134087,5.90909090909091,5.95022989934137,5.9375,5.97554993477041,6.05142857142857,5.97014925373134,5.92237895819558,6.025,6.05366492146597,6.00454545454545,5.93979933110368,5.88363691310201,5.733565675974,5.82971014492754,5.86776859504132,5.85055096418733,5.83333333333333,5.83955223880597,5.76806722689076,5.85055096418733,5.93548387096774,5.67901234567901,5.88363691310201,5.90844727780827,5.96967026229571,6.06254674644727,6.27164322250639,6.0634328358209,6.21375310687655,6.11875,6.11875,5.95833333333333
"10006","New York","NY","New York","New York",90,,,,,,,,,,,,4.35714285714286,4.35584415584416,4.35504201680672,4.45488759534324,4.41666666666667,4.5,4.4534100331675,4.4375,4.53636363636364,4.52127659574468,4.47413793103448,4.5,4.53846153846154,4.5107650273224,4.45454545454545,4.5,4.47619047619048,4.5448079658606,4.57833333333333,4.52620151615515,4.52380952380952,4.53917050691244,4.5448275862069,4.50664136622391,4.50713359273671,4.49521598968408,4.53636363636364,4.53636363636364,4.54164456233422,4.55384615384615,4.61538461538461,4.61721611721612,4.56477732793522,4.59718670076726,4.66582597730139,4.65571205007825,4.65485074626866,4.65085049239033,4.69578997279828,4.65571205007825,4.53484848484849,4.63302450908017,4.67340939506931,4.59549857282077,4.63466142270862,4.7286798777482,4.59375,4.55631578947368,4.48460508701473,4.4800647812696,4.58058878238769,4.58940856915735,4.65485074626866,4.48896921017403,4.53351354971476,4.53636363636364,4.69208108365337,4.49333333333333,4.56735976789168,4.45628075628076,4.52201257861635,4.65798092868988,4.65485074626866,4.78434504792332,5.04563734410184,4.93653737738189,5.18672199170125,5.05231689088191,5.12477718360071,5.12320328542094
